key,entry_type,author_bibtex,title_bibtex,year,container_bibtex,persistent_id_type,persistent_id,stable_url,checked_fields,verification_basis,verification_date,cited_in_manuscript,status,notes
aalto2007,article,"Aalto, Samuli and Ayesta, Urtzi and Borst, Sem and Misra, Vishal and N{\'u}{\~n}ez-Queija, Rudesindo",Beyond Processor Sharing,2007,ACM SIGMETRICS Performance Evaluation Review,doi,10.1145/1243401.1243409,https://doi.org/10.1145/1243401.1243409,authors; title; year; venue-or-publisher; volume/pages when applicable; persistent locator,DOI and core metadata cross-checked against publisher or scholarly metadata during bibliography curation,2026-09-16,true,metadata_crosschecked_locator_recorded,
aalto2009,article,"Aalto, Samuli and Ayesta, Urtzi and Righter, Rhonda",On the {Gittins} Index in the {M/G/1} Queue,2009,Queueing Systems,doi,10.1007/s11134-009-9141-x,https://doi.org/10.1007/s11134-009-9141-x,authors; title; year; venue-or-publisher; volume/pages when applicable; persistent locator,DOI and core metadata cross-checked against publisher or scholarly metadata during bibliography curation,2026-09-16,true,metadata_crosschecked_locator_recorded,
abate1994,article,"Abate, Joseph and Choudhury, Gagan L. and Whitt, Ward",Waiting-Time Tail Probabilities in Queues with Long-Tail Service-Time Distributions,1994,Queueing Systems,doi,10.1007/BF01158960,https://doi.org/10.1007/BF01158960,authors; title; year; venue-or-publisher; volume/pages when applicable; persistent locator,DOI and core metadata cross-checked against publisher or scholarly metadata during bibliography curation,2026-09-16,true,metadata_crosschecked_locator_recorded,
abate1997,article,"Abate, Joseph and Whitt, Ward",Asymptotics for {M/G/1} Low-Priority Waiting-Time Tail Probabilities,1997,Queueing Systems,doi,10.1023/A:1019104402024,https://doi.org/10.1023/A:1019104402024,authors; title; year; venue-or-publisher; volume/pages when applicable; persistent locator,DOI and core metadata cross-checked against publisher or scholarly metadata during bibliography curation,2026-09-16,true,metadata_crosschecked_locator_recorded,
albers2003,article,"Albers, Susanne",Online Algorithms: A Survey,2003,Mathematical Programming,doi,10.1007/s10107-003-0436-0,https://doi.org/10.1007/s10107-003-0436-0,authors; title; year; venue-or-publisher; volume/pages when applicable; persistent locator,DOI and core metadata cross-checked against publisher or scholarly metadata during bibliography curation,2026-09-16,true,metadata_crosschecked_locator_recorded,
altman2006,article,"Altman, Eitan and Avrachenkov, Konstantin and Ayesta, Urtzi",A Survey on Discriminatory Processor Sharing,2006,Queueing Systems,doi,10.1007/s11134-006-7586-8,https://doi.org/10.1007/s11134-006-7586-8,authors; title; year; venue-or-publisher; volume/pages when applicable; persistent locator,DOI and core metadata cross-checked against publisher or scholarly metadata during bibliography curation,2026-09-16,true,metadata_crosschecked_locator_recorded,
baccelli2003,book,"Baccelli, Fran{\c{c}}ois and Br{\'e}maud, Pierre",Elements of Queueing Theory: Palm Martingale Calculus and Stochastic Recurrences,2003,Springer,doi,10.1007/978-3-662-11657-9,https://doi.org/10.1007/978-3-662-11657-9,authors; title; year; venue-or-publisher; volume/pages when applicable; persistent locator,DOI and core metadata cross-checked against publisher or scholarly metadata during bibliography curation,2026-09-16,true,metadata_crosschecked_locator_recorded,
bansal2018,article,"Bansal, Nikhil and Kamphorst, Bart and Zwart, Bert",Achievable Performance of Blind Policies in Heavy Traffic,2018,Mathematics of Operations Research,doi,10.1287/moor.2017.0890,https://doi.org/10.1287/moor.2017.0890,authors; title; year; venue-or-publisher; volume/pages when applicable; persistent locator,DOI and core metadata cross-checked against publisher or scholarly metadata during bibliography curation,2026-09-16,true,metadata_crosschecked_locator_recorded,
becchetti2004,article,"Becchetti, Luca and Leonardi, Stefano",Nonclairvoyant Scheduling to Minimize the Total Flow Time on Single and Parallel Machines,2004,Journal of the ACM,doi,10.1145/1008731.1008732,https://doi.org/10.1145/1008731.1008732,authors; title; year; venue-or-publisher; volume/pages when applicable; persistent locator,DOI and core metadata cross-checked against publisher or scholarly metadata during bibliography curation,2026-09-16,true,metadata_crosschecked_locator_recorded,
bingham1987,book,"Bingham, Nicholas H. and Goldie, Charles M. and Teugels, Jef L.",Regular Variation,1987,Cambridge University Press,doi,10.1017/CBO9780511721434,https://doi.org/10.1017/CBO9780511721434,authors; title; year; venue-or-publisher; volume/pages when applicable; persistent locator,DOI and core metadata cross-checked against publisher or scholarly metadata during bibliography curation,2026-09-16,true,metadata_crosschecked_locator_recorded,
bocken2009,inproceedings,"B{\""o}ckenhauer, Hans-Joachim and Komm, Dennis and Kr{\'a}lovi{\v{c}}, Rastislav and Kr{\'a}lovi{\v{c}}, Richard and M{\""o}mke, Tobias",On the Advice Complexity of Online Problems,2009,"Algorithms and Computation: 20th International Symposium, ISAAC 2009",doi,10.1007/978-3-642-10631-6_35,https://doi.org/10.1007/978-3-642-10631-6_35,authors; title; year; venue-or-publisher; volume/pages when applicable; persistent locator,DOI and core metadata cross-checked against publisher or scholarly metadata during bibliography curation,2026-09-16,true,metadata_crosschecked_locator_recorded,
borst2003,article,"Borst, Sem C. and Boxma, Onno J. and N{\'u}{\~n}ez-Queija, Rudesindo and Zwart, Bert",The Impact of the Service Discipline on Delay Asymptotics,2003,Performance Evaluation,doi,10.1016/S0166-5316(03)00071-3,https://doi.org/10.1016/S0166-5316(03)00071-3,authors; title; year; venue-or-publisher; volume/pages when applicable; persistent locator,DOI and core metadata cross-checked against publisher or scholarly metadata during bibliography curation,2026-09-16,true,metadata_crosschecked_locator_recorded,
borst2006,article,"Borst, Sem C. and N{\'u}{\~n}ez-Queija, Rudesindo and Zwart, Bert",Sojourn-Time Asymptotics in Processor-Sharing Queues,2006,Queueing Systems,doi,10.1007/s11134-006-7585-9,https://doi.org/10.1007/s11134-006-7585-9,authors; title; year; venue-or-publisher; volume/pages when applicable; persistent locator,DOI and core metadata cross-checked against publisher or scholarly metadata during bibliography curation,2026-09-16,true,metadata_crosschecked_locator_recorded,
borodin1998,book,"Borodin, Allan and El-Yaniv, Ran",Online Computation and Competitive Analysis,1998,Cambridge University Press,isbn,9780521563925,https://search.worldcat.org/isbn/9780521563925,authors; title; year; venue-or-publisher; volume/pages when applicable; persistent locator,edition-specific ISBN and core metadata cross-checked against publisher or library catalog metadata during bibliography curation,2026-09-16,true,metadata_crosschecked_locator_recorded,
boxmadenisov2011,article,"Boxma, Onno J. and Denisov, Denis",Sojourn Time Tails in the Single Server Queue with Heavy-Tailed Service Times,2011,Queueing Systems,doi,10.1007/s11134-011-9229-y,https://doi.org/10.1007/s11134-011-9229-y,authors; title; year; venue-or-publisher; volume/pages when applicable; persistent locator,DOI and core metadata cross-checked against publisher or scholarly metadata during bibliography curation,2026-09-16,true,metadata_crosschecked_locator_recorded,
boxmazwart2007,article,"Boxma, Onno J. and Zwart, Bert",Tails in Scheduling,2007,ACM SIGMETRICS Performance Evaluation Review,doi,10.1145/1243401.1243406,https://doi.org/10.1145/1243401.1243406,authors; title; year; venue-or-publisher; volume/pages when applicable; persistent locator,DOI and core metadata cross-checked against publisher or scholarly metadata during bibliography curation,2026-09-16,true,metadata_crosschecked_locator_recorded,
boyar2016,article,"Boyar, Joan and Favrholdt, Lene M. and Kudahl, Christian and Larsen, Kim S. and Mikkelsen, Jesper W.",Online Algorithms with Advice: A Survey,2016,ACM SIGACT News,doi,10.1145/2993749.2993766,https://doi.org/10.1145/2993749.2993766,authors; title; year; venue-or-publisher; volume/pages when applicable; persistent locator,DOI and core metadata cross-checked against publisher or scholarly metadata during bibliography curation,2026-09-16,true,metadata_crosschecked_locator_recorded,
bremaud2020,book,"Br{\'e}maud, Pierre",Probability Theory and Stochastic Processes,2020,Springer,doi,10.1007/978-3-030-40183-2,https://doi.org/10.1007/978-3-030-40183-2,authors; title; year; venue-or-publisher; volume/pages when applicable; persistent locator,DOI and core metadata cross-checked against publisher or scholarly metadata during bibliography curation,2026-09-16,true,metadata_crosschecked_locator_recorded,
charlet2024,misc,"Charlet, Nils and Van Houdt, Benny",Tail Optimality and Performance Analysis of the {Nudge-M} Scheduling Algorithm,2024,,arxiv,2403.06588,https://arxiv.org/abs/2403.06588,authors; title; year; venue-or-publisher; volume/pages when applicable; persistent locator,arXiv identifier and core metadata cross-checked against the arXiv record during bibliography curation,2026-09-16,true,metadata_crosschecked_locator_recorded,
chen2021,misc,"Chen, Yan and Dong, Jing",Scheduling with Service-Time Information: The Power of Two Priority Classes,2021,,arxiv,2105.10499,https://arxiv.org/abs/2105.10499,authors; title; year; venue-or-publisher; volume/pages when applicable; persistent locator,arXiv identifier and core metadata cross-checked against the arXiv record during bibliography curation,2026-09-16,true,metadata_crosschecked_locator_recorded,
cohen1973,article,"Cohen, Jacob W.",Some Results on Regular Variation for Distributions in Queueing and Fluctuation Theory,1973,Journal of Applied Probability,doi,10.2307/3212351,https://doi.org/10.2307/3212351,authors; title; year; venue-or-publisher; volume/pages when applicable; persistent locator,DOI and core metadata cross-checked against publisher or scholarly metadata during bibliography curation,2026-09-16,true,metadata_crosschecked_locator_recorded,
crovella1996,inproceedings,"Crovella, Mark E. and Bestavros, Azer",Self-Similarity in World Wide Web Traffic: Evidence and Possible Causes,1996,Proceedings of the 1996 ACM SIGMETRICS International Conference on Measurement and Modeling of Computer Systems,doi,10.1145/233013.233038,https://doi.org/10.1145/233013.233038,authors; title; year; venue-or-publisher; volume/pages when applicable; persistent locator,DOI and core metadata cross-checked against publisher or scholarly metadata during bibliography curation,2026-09-16,true,metadata_crosschecked_locator_recorded,"Uses the 1996 SIGMETRICS conference DOI, not the distinct 1997 journal-extension DOI."
emek2011,article,"Emek, Yuval and Fraigniaud, Pierre and Korman, Amos and Ros{\'e}n, Adi",Online Computation with Advice,2011,Theoretical Computer Science,doi,10.1016/j.tcs.2010.08.007,https://doi.org/10.1016/j.tcs.2010.08.007,authors; title; year; venue-or-publisher; volume/pages when applicable; persistent locator,DOI and core metadata cross-checked against publisher or scholarly metadata during bibliography curation,2026-09-16,true,metadata_crosschecked_locator_recorded,
fajardo2015,article,"Fajardo, Val Andrei and Drekic, Steve",Controlling the Workload of {M/G/1} Queues via the $q$-Policy,2015,European Journal of Operational Research,doi,10.1016/j.ejor.2014.12.036,https://doi.org/10.1016/j.ejor.2014.12.036,authors; title; year; venue-or-publisher; volume/pages when applicable; persistent locator,DOI and core metadata cross-checked against publisher or scholarly metadata during bibliography curation,2026-09-16,true,metadata_crosschecked_locator_recorded,
fajardo2017,article,"Fajardo, Val Andrei and Drekic, Steve",Waiting Time Distributions in the Preemptive Accumulating Priority Queue,2017,Methodology and Computing in Applied Probability,doi,10.1007/s11009-015-9476-1,https://doi.org/10.1007/s11009-015-9476-1,authors; title; year; venue-or-publisher; volume/pages when applicable; persistent locator,DOI and core metadata cross-checked against publisher or scholarly metadata during bibliography curation,2026-09-16,true,metadata_crosschecked_locator_recorded,
foss2013,book,"Foss, Sergey and Korshunov, Dmitry and Zachary, Stan",An Introduction to Heavy-Tailed and Subexponential Distributions,2013,Springer,doi,10.1007/978-1-4614-7101-1,https://doi.org/10.1007/978-1-4614-7101-1,authors; title; year; venue-or-publisher; volume/pages when applicable; persistent locator,DOI and core metadata cross-checked against publisher or scholarly metadata during bibliography curation,2026-09-16,true,metadata_crosschecked_locator_recorded,
friedman2003,article,"Friedman, Eric J. and Henderson, Shane G.",Fairness and Efficiency in Web Server Protocols,2003,ACM SIGMETRICS Performance Evaluation Review,doi,10.1145/885651.781056,https://doi.org/10.1145/885651.781056,authors; title; year; venue-or-publisher; volume/pages when applicable; persistent locator,DOI and core metadata cross-checked against publisher or scholarly metadata during bibliography curation,2026-09-16,true,metadata_crosschecked_locator_recorded,
gavish1977,article,"Gavish, Bezalel and Schweitzer, Paul J.",The Markovian Queue with Bounded Waiting Time,1977,Management Science,doi,10.1287/mnsc.23.12.1349,https://doi.org/10.1287/mnsc.23.12.1349,authors; title; year; venue-or-publisher; volume/pages when applicable; persistent locator,DOI and core metadata cross-checked against publisher or scholarly metadata during bibliography curation,2026-09-16,true,metadata_crosschecked_locator_recorded,
gittins2011,book,"Gittins, John C. and Glazebrook, Kevin D. and Weber, Richard R.",Multi-Armed Bandit Allocation Indices,2011,Wiley,isbn,9780470670026,https://search.worldcat.org/isbn/9780470670026,authors; title; year; venue-or-publisher; volume/pages when applicable; persistent locator,edition-specific ISBN and core metadata cross-checked against publisher or library catalog metadata during bibliography curation,2026-09-16,true,metadata_crosschecked_locator_recorded,
grosof2018,article,"Grosof, Isaac and Scully, Ziv and Harchol-Balter, Mor",{SRPT} for Multiserver Systems,2018,Performance Evaluation,doi,10.1016/j.peva.2018.10.001,https://doi.org/10.1016/j.peva.2018.10.001,authors; title; year; venue-or-publisher; volume/pages when applicable; persistent locator,DOI and core metadata cross-checked against publisher or scholarly metadata during bibliography curation,2026-09-16,true,metadata_crosschecked_locator_recorded,
grosof2019,article,"Grosof, Isaac and Scully, Ziv and Harchol-Balter, Mor",Load Balancing Guardrails: Keeping Your Heavy Traffic on the Road to Low Response Times,2019,Proceedings of the ACM on Measurement and Analysis of Computing Systems,doi,10.1145/3341617.3326157,https://doi.org/10.1145/3341617.3326157,authors; title; year; venue-or-publisher; volume/pages when applicable; persistent locator,DOI and core metadata cross-checked against publisher or scholarly metadata during bibliography curation,2026-09-16,true,metadata_crosschecked_locator_recorded,
grosof2021,article,"Grosof, Isaac and Yang, Kunhe and Scully, Ziv and Harchol-Balter, Mor",Nudge: Stochastically Improving upon {FCFS},2021,Proceedings of the ACM on Measurement and Analysis of Computing Systems,doi,10.1145/3460088,https://doi.org/10.1145/3460088,authors; title; year; venue-or-publisher; volume/pages when applicable; persistent locator,DOI and core metadata cross-checked against publisher or scholarly metadata during bibliography curation,2026-09-16,true,metadata_crosschecked_locator_recorded,
guillemin2004,article,"Guillemin, Fabrice and Robert, Philippe and Zwart, Bert",Tail Asymptotics for Processor-Sharing Queues,2004,Advances in Applied Probability,doi,10.1239/aap/1086957584,https://doi.org/10.1239/aap/1086957584,authors; title; year; venue-or-publisher; volume/pages when applicable; persistent locator,DOI and core metadata cross-checked against publisher or scholarly metadata during bibliography curation,2026-09-16,true,metadata_crosschecked_locator_recorded,
harcholbalter2013,book,"Harchol-Balter, Mor",Performance Modeling and Design of Computer Systems: Queueing Theory in Action,2013,Cambridge University Press,doi,10.1017/CBO9781139226424,https://doi.org/10.1017/CBO9781139226424,authors; title; year; venue-or-publisher; volume/pages when applicable; persistent locator,DOI and core metadata cross-checked against publisher or scholarly metadata during bibliography curation,2026-09-16,true,metadata_crosschecked_locator_recorded,
harcholbalter2003,article,"Harchol-Balter, Mor and Schroeder, Bianca and Bansal, Nikhil and Agrawal, Mukesh",Size-Based Scheduling to Improve Web Performance,2003,ACM Transactions on Computer Systems,doi,10.1145/762483.762486,https://doi.org/10.1145/762483.762486,authors; title; year; venue-or-publisher; volume/pages when applicable; persistent locator,DOI and core metadata cross-checked against publisher or scholarly metadata during bibliography curation,2026-09-16,true,metadata_crosschecked_locator_recorded,
hromkovic2010,inproceedings,"Hromkovi{\v{c}}, Juraj and Kr{\'a}lovi{\v{c}}, Rastislav and Kr{\'a}lovi{\v{c}}, Richard",Information Complexity of Online Problems,2010,Mathematical Foundations of Computer Science 2010,doi,10.1007/978-3-642-15155-2_3,https://doi.org/10.1007/978-3-642-15155-2_3,authors; title; year; venue-or-publisher; volume/pages when applicable; persistent locator,DOI and core metadata cross-checked against publisher or scholarly metadata during bibliography curation,2026-09-16,true,metadata_crosschecked_locator_recorded,
hong2024,article,"Hong, Yige and Scully, Ziv","Performance of the {Gittins} Policy in the {G/G/1} and {G/G/$k$}, with and without Setup Times",2024,Performance Evaluation,doi,10.1016/j.peva.2023.102377,https://doi.org/10.1016/j.peva.2023.102377,authors; title; year; venue-or-publisher; volume/pages when applicable; persistent locator,DOI and core metadata cross-checked against publisher or scholarly metadata during bibliography curation,2026-09-16,true,metadata_crosschecked_locator_recorded,
kingman1993,book,"Kingman, J. F. C.",Poisson Processes,1993,Oxford University Press,isbn,9780198536932,https://search.worldcat.org/isbn/9780198536932,authors; title; year; venue-or-publisher; volume/pages when applicable; persistent locator,edition-specific ISBN and core metadata cross-checked against publisher or library catalog metadata during bibliography curation,2026-09-16,true,metadata_crosschecked_locator_recorded,
kalyan1997,inproceedings,"Kalyanasundaram, Bala and Pruhs, Kirk R.",Minimizing Flow Time Nonclairvoyantly,1997,Proceedings of the 38th Annual Symposium on Foundations of Computer Science,doi,10.1109/SFCS.1997.646123,https://doi.org/10.1109/SFCS.1997.646123,authors; title; year; venue-or-publisher; volume/pages when applicable; persistent locator,DOI and core metadata cross-checked against publisher or scholarly metadata during bibliography curation,2026-09-16,true,metadata_crosschecked_locator_recorded,1997 FOCS conference version; distinct DOI and venue from the 2003 JACM journal version.
kalyan2000,article,"Kalyanasundaram, Bala and Pruhs, Kirk R.",Speed Is as Powerful as Clairvoyance,2000,Journal of the ACM,doi,10.1145/347476.347479,https://doi.org/10.1145/347476.347479,authors; title; year; venue-or-publisher; volume/pages when applicable; persistent locator,DOI and core metadata cross-checked against publisher or scholarly metadata during bibliography curation,2026-09-16,true,metadata_crosschecked_locator_recorded,
kalyan2003,article,"Kalyanasundaram, Bala and Pruhs, Kirk R.",Minimizing Flow Time Nonclairvoyantly,2003,Journal of the ACM,doi,10.1145/792538.792545,https://doi.org/10.1145/792538.792545,authors; title; year; venue-or-publisher; volume/pages when applicable; persistent locator,DOI and core metadata cross-checked against publisher or scholarly metadata during bibliography curation,2026-09-16,true,metadata_crosschecked_locator_recorded,2003 JACM journal version; distinct DOI and venue from the 1997 FOCS conference version.
komm2011,article,"Komm, Dennis and Kr{\'a}lovi{\v{c}}, Richard",Advice Complexity and Barely Random Algorithms,2011,RAIRO -- Theoretical Informatics and Applications,doi,10.1051/ita/2011105,https://doi.org/10.1051/ita/2011105,authors; title; year; venue-or-publisher; volume/pages when applicable; persistent locator,DOI and core metadata cross-checked against publisher or scholarly metadata during bibliography curation,2026-09-16,true,metadata_crosschecked_locator_recorded,
lenstra2020,misc,"Lenstra, Jan Karel and Shmoys, David B.",Elements of Scheduling,2020,,arxiv,2001.06005,https://arxiv.org/abs/2001.06005,authors; title; year; venue-or-publisher; volume/pages when applicable; persistent locator,arXiv identifier and core metadata cross-checked against the arXiv record during bibliography curation,2026-09-16,true,metadata_crosschecked_locator_recorded,
li2025,inproceedings,"Li, Pengfei and Christianson, Nicolas and Yang, Jianyi and Wierman, Adam and Ren, Shaolei",Learning for Sustainable Online Scheduling with Competitive Fairness Guarantees,2025,Proceedings of the 16th ACM International Conference on Future and Sustainable Energy Systems,doi,10.1145/3679240.3734615,https://doi.org/10.1145/3679240.3734615,authors; title; year; venue-or-publisher; volume/pages when applicable; persistent locator,DOI and core metadata cross-checked against publisher or scholarly metadata during bibliography curation,2026-09-16,true,metadata_crosschecked_locator_recorded,
lykouris2018,inproceedings,"Lykouris, Thodoris and Vassilvitskii, Sergei",Competitive Caching with Machine Learned Advice,2018,Proceedings of the 35th International Conference on Machine Learning,official_url,https://proceedings.mlr.press/v80/lykouris18a.html,https://proceedings.mlr.press/v80/lykouris18a.html,authors; title; year; venue-or-publisher; volume/pages when applicable; persistent locator,"title, authors, year, and venue cross-checked against the official proceedings record during bibliography curation",2026-09-16,true,metadata_crosschecked_locator_recorded,Uses the official PMLR volume-80 proceedings record.
mandjes2006,article,"Mandjes, Michel and Zwart, Bert",Large Deviations of Sojourn Times in Processor Sharing Queues,2006,Queueing Systems,doi,10.1007/s11134-006-5567-6,https://doi.org/10.1007/s11134-006-5567-6,authors; title; year; venue-or-publisher; volume/pages when applicable; persistent locator,DOI and core metadata cross-checked against publisher or scholarly metadata during bibliography curation,2026-09-16,true,metadata_crosschecked_locator_recorded,
mitzenmacher2022,article,"Mitzenmacher, Michael and Vassilvitskii, Sergei",Algorithms with Predictions,2022,Communications of the ACM,doi,10.1145/3528087,https://doi.org/10.1145/3528087,authors; title; year; venue-or-publisher; volume/pages when applicable; persistent locator,DOI and core metadata cross-checked against publisher or scholarly metadata during bibliography curation,2026-09-16,true,metadata_crosschecked_locator_recorded,
nair2010,article,"Nair, Jayakrishnan and Wierman, Adam and Zwart, Bert",Tail-Robust Scheduling via Limited Processor Sharing,2010,Performance Evaluation,doi,10.1016/j.peva.2010.08.012,https://doi.org/10.1016/j.peva.2010.08.012,authors; title; year; venue-or-publisher; volume/pages when applicable; persistent locator,DOI and core metadata cross-checked against publisher or scholarly metadata during bibliography curation,2026-09-16,true,metadata_crosschecked_locator_recorded,
nunez2002,article,"N{\'u}{\~n}ez-Queija, Rudesindo",Queues with Equally Heavy Sojourn Time and Service Requirement Distributions,2002,Annals of Operations Research,doi,10.1023/A:1020905810996,https://doi.org/10.1023/A:1020905810996,authors; title; year; venue-or-publisher; volume/pages when applicable; persistent locator,DOI and core metadata cross-checked against publisher or scholarly metadata during bibliography curation,2026-09-16,true,metadata_crosschecked_locator_recorded,
nuyenswierman2008,article,"Nuyens, Misja and Wierman, Adam",The Foreground-Background Queue: A Survey,2008,Performance Evaluation,doi,10.1016/j.peva.2007.06.028,https://doi.org/10.1016/j.peva.2007.06.028,authors; title; year; venue-or-publisher; volume/pages when applicable; persistent locator,DOI and core metadata cross-checked against publisher or scholarly metadata during bibliography curation,2026-09-16,true,metadata_crosschecked_locator_recorded,
nuyenssmart2008,article,"Nuyens, Misja and Wierman, Adam and Zwart, Bert",Preventing Large Sojourn Times Using {SMART} Scheduling,2008,Operations Research,doi,10.1287/opre.1070.0504,https://doi.org/10.1287/opre.1070.0504,authors; title; year; venue-or-publisher; volume/pages when applicable; persistent locator,DOI and core metadata cross-checked against publisher or scholarly metadata during bibliography curation,2026-09-16,true,metadata_crosschecked_locator_recorded,
nuyenszwart2006,article,"Nuyens, Misja and Zwart, Bert",A Large-Deviations Analysis of the {GI/GI/1 SRPT} Queue,2006,Queueing Systems,doi,10.1007/s11134-006-8767-1,https://doi.org/10.1007/s11134-006-8767-1,authors; title; year; venue-or-publisher; volume/pages when applicable; persistent locator,DOI and core metadata cross-checked against publisher or scholarly metadata during bibliography curation,2026-09-16,true,metadata_crosschecked_locator_recorded,
pinedo2016,book,"Pinedo, Michael L.","Scheduling: Theory, Algorithms, and Systems",2016,Springer,doi,10.1007/978-3-319-26580-3,https://doi.org/10.1007/978-3-319-26580-3,authors; title; year; venue-or-publisher; volume/pages when applicable; persistent locator,DOI and core metadata cross-checked against publisher or scholarly metadata during bibliography curation,2026-09-16,true,metadata_crosschecked_locator_recorded,
purohit2018,inproceedings,"Purohit, Manish and Svitkina, Zoya and Kumar, Ravi",Improving Online Algorithms via {ML} Predictions,2018,Advances in Neural Information Processing Systems 31,official_url,https://proceedings.neurips.cc/paper/2018/hash/73a427badebe0e32caa2e1fc7530b7f3-Abstract.html,https://proceedings.neurips.cc/paper/2018/hash/73a427badebe0e32caa2e1fc7530b7f3-Abstract.html,authors; title; year; venue-or-publisher; volume/pages when applicable; persistent locator,"title, authors, year, and venue cross-checked against the official proceedings record during bibliography curation",2026-09-16,true,metadata_crosschecked_locator_recorded,Uses the official NeurIPS proceedings record and corrected proceedings pagination 9684--9693.
schrage1966,article,"Schrage, Linus and Miller, Louis W.",The Queue {M/G/1} with the Shortest Remaining Processing Time Discipline,1966,Operations Research,doi,10.1287/opre.14.4.670,https://doi.org/10.1287/opre.14.4.670,authors; title; year; venue-or-publisher; volume/pages when applicable; persistent locator,DOI and core metadata cross-checked against publisher or scholarly metadata during bibliography curation,2026-09-16,true,metadata_crosschecked_locator_recorded,
scully2018soap,article,"Scully, Ziv and Harchol-Balter, Mor and Scheller-Wolf, Alan",{SOAP}: One Clean Analysis of All Age-Based Scheduling Policies,2018,Proceedings of the ACM on Measurement and Analysis of Computing Systems,doi,10.1145/3179419,https://doi.org/10.1145/3179419,authors; title; year; venue-or-publisher; volume/pages when applicable; persistent locator,DOI and core metadata cross-checked against publisher or scholarly metadata during bibliography curation,2026-09-16,true,metadata_crosschecked_locator_recorded,
scully2018bubbles,inproceedings,"Scully, Ziv and Harchol-Balter, Mor",{SOAP} Bubbles: Robust Scheduling under Adversarial Noise,2018,"56th Annual Allerton Conference on Communication, Control, and Computing",doi,10.1109/ALLERTON.2018.8635963,https://doi.org/10.1109/ALLERTON.2018.8635963,authors; title; year; venue-or-publisher; volume/pages when applicable; persistent locator,DOI and core metadata cross-checked against publisher or scholarly metadata during bibliography curation,2026-09-16,true,metadata_crosschecked_locator_recorded,
scully2020simple,article,"Scully, Ziv and Harchol-Balter, Mor and Scheller-Wolf, Alan",Simple Near-Optimal Scheduling for the {M/G/1},2020,Proceedings of the ACM on Measurement and Analysis of Computing Systems,doi,10.1145/3379477,https://doi.org/10.1145/3379477,authors; title; year; venue-or-publisher; volume/pages when applicable; persistent locator,DOI and core metadata cross-checked against publisher or scholarly metadata during bibliography curation,2026-09-16,true,metadata_crosschecked_locator_recorded,
scully2020gittins,article,"Scully, Ziv and Grosof, Isaac and Harchol-Balter, Mor",The {Gittins} Policy Is Nearly Optimal in the {M/G/$k$} under Extremely General Conditions,2020,Proceedings of the ACM on Measurement and Analysis of Computing Systems,doi,10.1145/3428328,https://doi.org/10.1145/3428328,authors; title; year; venue-or-publisher; volume/pages when applicable; persistent locator,DOI and core metadata cross-checked against publisher or scholarly metadata during bibliography curation,2026-09-16,true,metadata_crosschecked_locator_recorded,
scully2020characterizing,article,"Scully, Ziv and van Kreveld, Lucas and Boxma, Onno J. and Dorsman, Jan-Pieter and Wierman, Adam",Characterizing Policies with Optimal Response Time Tails under Heavy-Tailed Job Sizes,2020,Proceedings of the ACM on Measurement and Analysis of Computing Systems,doi,10.1145/3392148,https://doi.org/10.1145/3392148,authors; title; year; venue-or-publisher; volume/pages when applicable; persistent locator,DOI and core metadata cross-checked against publisher or scholarly metadata during bibliography curation,2026-09-16,true,metadata_crosschecked_locator_recorded,
scully2021gittins,inproceedings,"Scully, Ziv and Harchol-Balter, Mor",The {Gittins} Policy in the {M/G/1} Queue,2021,"19th International Symposium on Modeling and Optimization in Mobile, Ad Hoc, and Wireless Networks",doi,10.23919/WiOpt52861.2021.9589051,https://doi.org/10.23919/WiOpt52861.2021.9589051,authors; title; year; venue-or-publisher; volume/pages when applicable; persistent locator,DOI and core metadata cross-checked against publisher or scholarly metadata during bibliography curation,2026-09-16,true,metadata_crosschecked_locator_recorded,
scullyvankreveld2024,article,"Scully, Ziv and van Kreveld, Lucas",When Does the {Gittins} Policy Have Asymptotically Optimal Response Time Tail in the {M/G/1}?,2024,Operations Research,doi,10.1287/opre.2022.0038,https://doi.org/10.1287/opre.2022.0038,authors; title; year; venue-or-publisher; volume/pages when applicable; persistent locator,DOI and core metadata cross-checked against publisher or scholarly metadata during bibliography curation,2026-09-16,true,metadata_crosschecked_locator_recorded,
shanthikumar1987,article,"Shanthikumar, J. George and Sumita, Ushio",Convex Ordering of Sojourn Times in Single-Server Queues: Extremal Properties of {FIFO} and {LIFO} Service Disciplines,1987,Journal of Applied Probability,doi,10.2307/3214103,https://doi.org/10.2307/3214103,authors; title; year; venue-or-publisher; volume/pages when applicable; persistent locator,DOI and core metadata cross-checked against publisher or scholarly metadata during bibliography curation,2026-09-16,true,metadata_crosschecked_locator_recorded,
stolyar2001,article,"Stolyar, Alexander L. and Ramanan, Kavita",Largest Weighted Delay First Scheduling: Large Deviations and Optimality,2001,The Annals of Applied Probability,doi,10.1214/aoap/998926986,https://doi.org/10.1214/aoap/998926986,authors; title; year; venue-or-publisher; volume/pages when applicable; persistent locator,DOI and core metadata cross-checked against publisher or scholarly metadata during bibliography curation,2026-09-16,true,metadata_crosschecked_locator_recorded,
vanhoudt2022,article,"Van Houdt, Benny",On the Stochastic and Asymptotic Improvement of First-Come First-Served and {Nudge} Scheduling,2022,Proceedings of the ACM on Measurement and Analysis of Computing Systems,doi,10.1145/3570610,https://doi.org/10.1145/3570610,authors; title; year; venue-or-publisher; volume/pages when applicable; persistent locator,DOI and core metadata cross-checked against publisher or scholarly metadata during bibliography curation,2026-09-16,true,metadata_crosschecked_locator_recorded,
wierman2012,article,"Wierman, Adam and Zwart, Bert",Is Tail-Optimal Scheduling Possible?,2012,Operations Research,doi,10.1287/opre.1120.1086,https://doi.org/10.1287/opre.1120.1086,authors; title; year; venue-or-publisher; volume/pages when applicable; persistent locator,DOI and core metadata cross-checked against publisher or scholarly metadata during bibliography curation,2026-09-16,true,metadata_crosschecked_locator_recorded,
wolff1982,article,"Wolff, Ronald W.",Poisson Arrivals See Time Averages,1982,Operations Research,doi,10.1287/opre.30.2.223,https://doi.org/10.1287/opre.30.2.223,authors; title; year; venue-or-publisher; volume/pages when applicable; persistent locator,DOI and core metadata cross-checked against publisher or scholarly metadata during bibliography curation,2026-09-16,true,metadata_crosschecked_locator_recorded,
yashkov1987,article,"Yashkov, Sergei F.",Processor-Sharing Queues: Some Progress in Analysis,1987,Queueing Systems,doi,10.1007/BF01182931,https://doi.org/10.1007/BF01182931,authors; title; year; venue-or-publisher; volume/pages when applicable; persistent locator,DOI and core metadata cross-checked against publisher or scholarly metadata during bibliography curation,2026-09-16,true,metadata_crosschecked_locator_recorded,
zwart2001,article,"Zwart, Bert",Tail Asymptotics for the Busy Period in the {GI/G/1} Queue,2001,Mathematics of Operations Research,doi,10.1287/moor.26.3.485.10584,https://doi.org/10.1287/moor.26.3.485.10584,authors; title; year; venue-or-publisher; volume/pages when applicable; persistent locator,DOI and core metadata cross-checked against publisher or scholarly metadata during bibliography curation,2026-09-16,true,metadata_crosschecked_locator_recorded,
zwartboxma2000,article,"Zwart, Bert and Boxma, Onno J.",Sojourn Time Asymptotics in the {M/G/1} Processor Sharing Queue,2000,Queueing Systems,doi,10.1023/A:1019142010994,https://doi.org/10.1023/A:1019142010994,authors; title; year; venue-or-publisher; volume/pages when applicable; persistent locator,DOI and core metadata cross-checked against publisher or scholarly metadata during bibliography curation,2026-09-16,true,metadata_crosschecked_locator_recorded,
yu2024,article,"Yu, George and Scully, Ziv",Strongly Tail-Optimal Scheduling in the Light-Tailed {M/G/1},2024,Proceedings of the ACM on Measurement and Analysis of Computing Systems,doi,10.1145/3656011,https://doi.org/10.1145/3656011,authors; title; year; venue-or-publisher; volume/pages when applicable; persistent locator,DOI and core metadata cross-checked against publisher or scholarly metadata during bibliography curation,2026-09-16,true,metadata_crosschecked_locator_recorded,
cosson2026,misc,"Cosson, Romain and Li, Jingwei and Lindermayr, Alexander and Schl{\""o}ter, Jens",Online Scheduling with a Stochastic Signal,2026,,arxiv,2607.17784,https://arxiv.org/abs/2607.17784,authors; title; year; venue-or-publisher; volume/pages when applicable; persistent locator,arXiv identifier and core metadata cross-checked against the arXiv record during bibliography curation,2026-09-16,true,metadata_crosschecked_locator_recorded,
