claim_id,claim,theorem_or_lemma,proof,checker_or_test,raw_result,figure_or_table,maturity,limitation,fresh_recheck
C01,OPT equals maximum workload and FCFS maximum flow,Lemma 2.1,proofs/sections/02-model.tex,run_checks.py; src/checker.py,results/checks.json; results/checks-cases.csv,none,proved in written argument; finite cross-check,General continuous-time identity is not inferred from the slotted oracle.,current written argument self-audited; finite records reproduced from both ZIP extractions in results/clean-reproduction.json; no independent review
C02,"Oldest-prefix reservation gives factor 1/delta, exact as a supremum",Lemma 3.1; Theorems 3.2 and 3.3,proofs/sections/03-reservation.tex,run_checks.py; check_examples.py,results/checks-cases.csv; results/tightness.csv,tab:tightness,proved in written argument; finite cross-check,"The limiting family is proved analytically, not fitted from six cases.",current written argument self-audited; finite records reproduced from both ZIP extractions in results/clean-reproduction.json; no independent review
C03,Ordinary PS has unbounded maximum-flow factor,Proposition 3.4,proofs/sections/03-reservation.tex,none,none,none,proved in written argument,No separate finite PS tightness experiment is claimed.,current written argument self-audited; finite records reproduced from both ZIP extractions in results/clean-reproduction.json; no independent review
C04,Per-job domination by slower PS,Lemma 3.5,proofs/sections/03-reservation.tex,src/checker.py; run_checks.py,results/checks-cases.csv,none,proved in written argument; finite cross-check,The stationary extension uses a common empty time of the stable slow queue.,current written argument self-audited; finite records reproduced from both ZIP extractions in results/clean-reproduction.json; no independent review
C05,Geometric / negative-binomial counts with iid equilibrium residuals,Lemma 4.1,proofs/sections/04-tail-bound.tex,check_analytics.py,results/analytics.json,none,proved in written argument; finite identities checked,The count alone is not assumed Markov; no stationary simulation was run.,current written argument self-audited; finite records reproduced from both ZIP extractions in results/clean-reproduction.json; no independent review
C06,All integer-order conditional response bounds,Lemma 4.2; equations 4.14 and 4.15,proofs/sections/04-tail-bound.tex,check_analytics.py,results/analytics.json,none,proved in written argument; finite algebra checked,"High moments belong to the customer count, not to the service distribution.",current written argument self-audited; finite records reproduced from both ZIP extractions in results/clean-reproduction.json; no independent review
C07,Tail-order guarantee when C exceeds 1/(1-rho),Lemma 4.3; Theorem 4.4,proofs/sections/04-tail-bound.tex,none,none,fig:phase,proved in written argument,No empirical or machine-checked asymptotic proof; leading constant is not optimality-certified.,current written argument self-audited; finite records reproduced from both ZIP extractions in results/clean-reproduction.json; no independent review
C08,Every eligible C below 1/(1-rho) incurs an integrated-tail lower bound,Lemmas 5.1-5.3; Theorem 5.4,proofs/sections/05-obstruction.tex,check_analytics.py for three constant choices only,results/fluid_constants.csv,fig:phase,proved in written argument; constants finitely checked,"Requires prefix consistency, regeneration, Poisson iid inputs and the strict inequality.",current written argument self-audited; finite records reproduced from both ZIP extractions in results/clean-reproduction.json; no independent review
C09,M-policy infimum inflation is (v/u)^(1/M),Theorem 1.2; Proposition 6.1; Theorem 6.3,proofs/sections/06-advice.tex,check_analytics.py for finite constructions,results/advice.csv; results/codebook.csv,tab:advice,proved in written argument; finite construction checked,Infimum rather than attained equality; log covering alone is not claimed as novelty.,current written argument self-audited; finite records reproduced from both ZIP extractions in results/clean-reproduction.json; no independent review
C10,"Finite rational boundaries, guards and their separate public encoding cost",Sections 6.3 and 6.4,proofs/sections/06-advice.tex,src/advice.py; check_analytics.py,results/codebook.csv; results/analytics.json,tab:advice,proved in written argument; finite construction checked,Explicit tables can be exponential in the message bit budget; implemented table size is bounded.,current written argument self-audited; finite records reproduced from both ZIP extractions in results/clean-reproduction.json; no independent review
C11,Finite collections cannot cover all stable loads,Corollary 7.1,proofs/sections/07-boundaries.tex,none,none,none,proved in written argument,Every fixed policy is required to have a finite global factor.,current written argument self-audited; finite records reproduced from both ZIP extractions in results/clean-reproduction.json; no independent review
C12,Variable-length codes and conditional expected-message observations,Section 7.2,proofs/sections/07-boundaries.tex,none,none,none,proved in written argument,Coding corollaries are not new queueing or learned-estimation claims.,current written argument self-audited; finite records reproduced from both ZIP extractions in results/clean-reproduction.json; no independent review
C13,Speed-explicit obstruction and optimal uniform factor 1/epsilon,Proposition 7.2; Theorem 7.3,proofs/sections/07-boundaries.tex,tests/test_boundaries.py,results/reproduction.json,none,proved in written argument; two finite speed cases checked,"Actual speed is 1+epsilon, comparator stays unit speed; fixed-load equality is not resolved.",current written argument self-audited; finite records reproduced from both ZIP extractions in results/clean-reproduction.json; no independent review
C14,"For 1<alpha<2, the strict boundary separates mean response: below-boundary eligible policies have infinite mean response, while guarded sharing above the boundary has finite mean response",Consequence after Theorem 5.4,proofs/sections/05-obstruction.tex,none,none,fig:phase,derived in the written argument from the proved tail orders,"At alpha=2 the slowly varying factor can decide integrability; this is a corollary of the tail bounds, not an independently optimized objective.",current written argument self-audited; no independent mathematical review or proof-assistant formalization
E01,461 integer multisets and 1383 policy comparisons pass finite checks,Section 8.1,proofs/sections/08-finite-checks.tex,run_checks.py,results/checks.json; results/checks-cases.csv,none,measured exact finite execution,"The 20-bit maximum covers guarded integer schedules only; canonical tie order, not all tie permutations.",current written argument self-audited; finite records reproduced from both ZIP extractions in results/clean-reproduction.json; no independent review
E02,Wrong-youngest control has max flow 13/4 with OPT 1,Section 8.2,proofs/sections/08-finite-checks.tex,run_checks.py,results/checks.json,none,measured exact finite execution,A second completion-corruption control is separately rejected.,current written argument self-audited; finite records reproduced from both ZIP extractions in results/clean-reproduction.json; no independent review
E03,"Five codebooks, 31 entries, 93 selections, 256 balance checks and 32 moment inequalities",Section 8.3,proofs/sections/08-finite-checks.tex,check_analytics.py,results/analytics.json; results/advice.csv; results/codebook.csv,tab:advice,measured exact finite execution,Finite identities do not prove invariance or asymptotic tails.,current written argument self-audited; finite records reproduced from both ZIP extractions in results/clean-reproduction.json; no independent review
E04,"Six tightness cases, at most 97 jobs and 457-bit completion fractions",Section 8.3,proofs/sections/08-finite-checks.tex,check_examples.py,results/examples.json; results/tightness.csv,tab:tightness,measured exact finite execution,No measured convergence rate or stationary-tail interpretation.,current written argument self-audited; finite records reproduced from both ZIP extractions in results/clean-reproduction.json; no independent review
E05,Sixteen proof-interface obligation families pass exact finite audits,Sections 3--8; proof-audit.md,proof-audit.md,check_proof_obligations.py,results/proof-obligations.json; results/proof-obligations.csv; results/deficit-parameters.csv,tab:check-boundary,author-side adversarial audit plus exact finite diagnostics,Not a proof assistant or independent mathematical review; finite identities do not prove asymptotic theorems.,"All non-runtime JSON fields and exact CSV bytes reproduced in an isolated copy; wrong-law, wrong-denominator, wrong-weighting, and equality-method controls retained"
E06,Twenty-two full-paper calibration records pass exact 12/5/5 structural validation,research-plan.md; literature-calibration.md,literature-calibration.md,check_literature_calibration.py,literature-calibration.csv; results/literature-calibration.json; results/literature-calibration-summary.csv,research-plan.md calibration table,completed structural reading record; exact record validation,"The checker validates internal completeness only and makes no network, award, truth, priority, or novelty determination.",Eight JSON scientific reports and ten exact CSV records now reproduce together; no independent novelty opinion
E07,The production exact simulator matches a separately implemented breakpoint reference on the declared finite rational family,Section 8 finite implementation evidence only,proofs/sections/08-finite-checks.tex,check_reference_simulator.py,results/reference-simulator.json; results/reference-simulator-summary.csv,tab:check-boundary (implementation boundary),"2,856 exact completion-vector differential comparisons plus three discriminating mutations","Finite differential agreement is not an all-input proof, independent human review, or asymptotic-tail evidence.",Regenerated in the isolated runner; all non-runtime JSON fields and exact summary CSV bytes compared
E08,"The bibliography has 72 unique keys, exceeds the 55-entry minimum, cites every entry, and records a persistent locator for every record",paper and artifact bibliography contract,bibliography-verification.csv; proofs/references.bib,check_bibliography.py; paper/build_paper.py,results/bibliography.json; results/bibliography-summary.csv; bibliography-verification.csv,none,"metadata/citation integrity checked; 63 DOI, four arXiv, three ISBN, two official-record locators",Persistent-identifier and metadata checks do not establish that every cited theorem was reread or that no relevant paper exists outside the declared search corpus.,Regenerated offline in the isolated runner; paper build separately enforces 72 rendered bibliography items and the paper/artifact BibTeX match
N01,Originality relative to the two closest theorem families,none,none,full-text theorem-boundary comparison; check_literature_calibration.py,literature-calibration.csv; literature-calibration.md; results/literature-calibration.json,none,closest model/theorem delta and bounded 22-paper calibration completed; global novelty not independently certified,No bounded reading corpus can prove worldwide priority or originality.,"Wierman--Zwart (2012), Nair--Wierman--Zwart (2010), and the full 12/5/5 structural calibration rechecked; no independent novelty opinion"
N02,Equality C=1/(1-rho) and exact leading tail constant,none,proofs/sections/09-discussion.tex,none,none,fig:phase excludes equality,not claimed,No strict inequality is silently replaced by a non-strict one.,current written argument self-audited; finite records reproduced from both ZIP extractions in results/clean-reproduction.json; no independent review
N03,"Twelve same-venue, five influential/foundational, and five adjacent full-paper structural reads completed",none,literature-calibration.md,check_literature_calibration.py,literature-calibration.csv; results/literature-calibration.json; results/literature-calibration-summary.csv,research-plan.md calibration table,completed author-side structural calibration; record completeness exactly checked,"Structural reading is not line-by-line proof verification, an award claim, or a global novelty certificate.","22 unique identifiers, exact 12/5/5 counts, 24 required fields, and all narrative IDs reproduced in an isolated no-network copy"
