name,scholarly_or_official_url,license_or_access_condition,resource_type,acquisition_method,integration_mode,supported_claim,reading_depth_or_failure,internals_modified,access_date
"Aalto, Samuli and Ayesta, Urtzi and Borst, Sem and Misra, Vishal and Núñez-Queija, Rudesindo (2007), Beyond Processor Sharing",https://doi.org/10.1145/1243401.1243409,Cited scholarly work; article/book bytes not redistributed; publisher or author rights apply,article,"persistent identifier and core metadata cross-checked against publisher, official proceedings, arXiv, or edition-specific catalog metadata",manuscript citation and claim-scoped related-work context only,"processor-sharing, rank-policy, or response-tail comparison",bibliographic metadata and claim-level context checked; full-text reading is claimed only where separately recorded in literature-calibration.csv,false,2026-09-16
"Aalto, Samuli and Ayesta, Urtzi and Righter, Rhonda (2009), On the Gittins Index in the M/G/1 Queue",https://doi.org/10.1007/s11134-009-9141-x,Cited scholarly work; article/book bytes not redistributed; publisher or author rights apply,article,"persistent identifier and core metadata cross-checked against publisher, official proceedings, arXiv, or edition-specific catalog metadata",manuscript citation and claim-scoped related-work context only,"processor-sharing, rank-policy, or response-tail comparison",bibliographic metadata and claim-level context checked; full-text reading is claimed only where separately recorded in literature-calibration.csv,false,2026-09-16
"Abate, Joseph and Choudhury, Gagan L. and Whitt, Ward (1994), Waiting-Time Tail Probabilities in Queues with Long-Tail Service-Time Distributions",https://doi.org/10.1007/BF01158960,Cited scholarly work; article/book bytes not redistributed; publisher or author rights apply,article,"persistent identifier and core metadata cross-checked against publisher, official proceedings, arXiv, or edition-specific catalog metadata",manuscript citation and claim-scoped related-work context only,"regular variation, Palm/regeneration, heavy-tail, or queueing background",bibliographic metadata and claim-level context checked; full-text reading is claimed only where separately recorded in literature-calibration.csv,false,2026-09-16
"Abate, Joseph and Whitt, Ward (1997), Asymptotics for M/G/1 Low-Priority Waiting-Time Tail Probabilities",https://doi.org/10.1023/A:1019104402024,Cited scholarly work; article/book bytes not redistributed; publisher or author rights apply,article,"persistent identifier and core metadata cross-checked against publisher, official proceedings, arXiv, or edition-specific catalog metadata",manuscript citation and claim-scoped related-work context only,"regular variation, Palm/regeneration, heavy-tail, or queueing background",bibliographic metadata and claim-level context checked; full-text reading is claimed only where separately recorded in literature-calibration.csv,false,2026-09-16
"Albers, Susanne (2003), Online Algorithms: A Survey",https://doi.org/10.1007/s10107-003-0436-0,Cited scholarly work; article/book bytes not redistributed; publisher or author rights apply,article,"persistent identifier and core metadata cross-checked against publisher, official proceedings, arXiv, or edition-specific catalog metadata",manuscript citation and claim-scoped related-work context only,"adversarial scheduling, flow-time, nonclairvoyance, or speed-augmentation context",bibliographic metadata and claim-level context checked; full-text reading is claimed only where separately recorded in literature-calibration.csv,false,2026-09-16
"Altman, Eitan and Avrachenkov, Konstantin and Ayesta, Urtzi (2006), A Survey on Discriminatory Processor Sharing",https://doi.org/10.1007/s11134-006-7586-8,Cited scholarly work; article/book bytes not redistributed; publisher or author rights apply,article,"persistent identifier and core metadata cross-checked against publisher, official proceedings, arXiv, or edition-specific catalog metadata",manuscript citation and claim-scoped related-work context only,"processor-sharing, rank-policy, or response-tail comparison",bibliographic metadata and claim-level context checked; full-text reading is claimed only where separately recorded in literature-calibration.csv,false,2026-09-16
"Baccelli, Francois and Brémaud, Pierre (2003), Elements of Queueing Theory: Palm Martingale Calculus and Stochastic Recurrences",https://doi.org/10.1007/978-3-662-11657-9,Cited scholarly work; article/book bytes not redistributed; publisher or author rights apply,book,"persistent identifier and core metadata cross-checked against publisher, official proceedings, arXiv, or edition-specific catalog metadata",manuscript citation and claim-scoped related-work context only,"regular variation, Palm/regeneration, heavy-tail, or queueing background",bibliographic metadata and claim-level context checked; full-text reading is claimed only where separately recorded in literature-calibration.csv,false,2026-09-16
"Bansal, Nikhil and Kamphorst, Bart and Zwart, Bert (2018), Achievable Performance of Blind Policies in Heavy Traffic",https://doi.org/10.1287/moor.2017.0890,Cited scholarly work; article/book bytes not redistributed; publisher or author rights apply,article,"persistent identifier and core metadata cross-checked against publisher, official proceedings, arXiv, or edition-specific catalog metadata",manuscript citation and claim-scoped related-work context only,"adversarial scheduling, flow-time, nonclairvoyance, or speed-augmentation context",bibliographic metadata and claim-level context checked; full-text reading is claimed only where separately recorded in literature-calibration.csv,false,2026-09-16
"Becchetti, Luca and Leonardi, Stefano (2004), Nonclairvoyant Scheduling to Minimize the Total Flow Time on Single and Parallel Machines",https://doi.org/10.1145/1008731.1008732,Cited scholarly work; article/book bytes not redistributed; publisher or author rights apply,article,"persistent identifier and core metadata cross-checked against publisher, official proceedings, arXiv, or edition-specific catalog metadata",manuscript citation and claim-scoped related-work context only,"adversarial scheduling, flow-time, nonclairvoyance, or speed-augmentation context",bibliographic metadata and claim-level context checked; full-text reading is claimed only where separately recorded in literature-calibration.csv,false,2026-09-16
"Bingham, Nicholas H. and Goldie, Charles M. and Teugels, Jef L. (1987), Regular Variation",https://doi.org/10.1017/CBO9780511721434,Cited scholarly work; article/book bytes not redistributed; publisher or author rights apply,book,"persistent identifier and core metadata cross-checked against publisher, official proceedings, arXiv, or edition-specific catalog metadata",manuscript citation and claim-scoped related-work context only,"regular variation, Palm/regeneration, heavy-tail, or queueing background",bibliographic metadata and claim-level context checked; full-text reading is claimed only where separately recorded in literature-calibration.csv,false,2026-09-16
"Böckenhauer, Hans-Joachim and Komm, Dennis and Královič, Rastislav and Královič, Richard and Mömke, Tobias (2009), On the Advice Complexity of Online Problems",https://doi.org/10.1007/978-3-642-10631-6_35,Cited scholarly work; article/book bytes not redistributed; publisher or author rights apply,inproceedings,"persistent identifier and core metadata cross-checked against publisher, official proceedings, arXiv, or edition-specific catalog metadata",manuscript citation and claim-scoped related-work context only,advice-complexity and online-information model context,bibliographic metadata and claim-level context checked; full-text reading is claimed only where separately recorded in literature-calibration.csv,false,2026-09-16
"Borst, Sem C. and Boxma, Onno J. and Núñez-Queija, Rudesindo and Zwart, Bert (2003), The Impact of the Service Discipline on Delay Asymptotics",https://doi.org/10.1016/S0166-5316(03)00071-3,Cited scholarly work; article/book bytes not redistributed; publisher or author rights apply,article,"persistent identifier and core metadata cross-checked against publisher, official proceedings, arXiv, or edition-specific catalog metadata",manuscript citation and claim-scoped related-work context only,"processor-sharing, rank-policy, or response-tail comparison",bibliographic metadata and claim-level context checked; full-text reading is claimed only where separately recorded in literature-calibration.csv,false,2026-09-16
"Borst, Sem C. and Núñez-Queija, Rudesindo and Zwart, Bert (2006), Sojourn-Time Asymptotics in Processor-Sharing Queues",https://doi.org/10.1007/s11134-006-7585-9,Cited scholarly work; article/book bytes not redistributed; publisher or author rights apply,article,"persistent identifier and core metadata cross-checked against publisher, official proceedings, arXiv, or edition-specific catalog metadata",manuscript citation and claim-scoped related-work context only,"processor-sharing, rank-policy, or response-tail comparison",bibliographic metadata and claim-level context checked; full-text reading is claimed only where separately recorded in literature-calibration.csv,false,2026-09-16
"Borodin, Allan and El-Yaniv, Ran (1998), Online Computation and Competitive Analysis",https://search.worldcat.org/isbn/9780521563925,Cited scholarly work; article/book bytes not redistributed; publisher or author rights apply,book,"persistent identifier and core metadata cross-checked against publisher, official proceedings, arXiv, or edition-specific catalog metadata",manuscript citation and claim-scoped related-work context only,advice-complexity and online-information model context,bibliographic metadata and claim-level context checked; full-text reading is claimed only where separately recorded in literature-calibration.csv,false,2026-09-16
"Boxma, Onno J. and Denisov, Denis (2011), Sojourn Time Tails in the Single Server Queue with Heavy-Tailed Service Times",https://doi.org/10.1007/s11134-011-9229-y,Cited scholarly work; article/book bytes not redistributed; publisher or author rights apply,article,"persistent identifier and core metadata cross-checked against publisher, official proceedings, arXiv, or edition-specific catalog metadata",manuscript citation and claim-scoped related-work context only,"regular variation, Palm/regeneration, heavy-tail, or queueing background",bibliographic metadata and claim-level context checked; full-text reading is claimed only where separately recorded in literature-calibration.csv,false,2026-09-16
"Boxma, Onno J. and Zwart, Bert (2007), Tails in Scheduling",https://doi.org/10.1145/1243401.1243406,Cited scholarly work; article/book bytes not redistributed; publisher or author rights apply,article,"persistent identifier and core metadata cross-checked against publisher, official proceedings, arXiv, or edition-specific catalog metadata",manuscript citation and claim-scoped related-work context only,"processor-sharing, rank-policy, or response-tail comparison",bibliographic metadata and claim-level context checked; full-text reading is claimed only where separately recorded in literature-calibration.csv,false,2026-09-16
"Boyar, Joan and Favrholdt, Lene M. and Kudahl, Christian and Larsen, Kim S. and Mikkelsen, Jesper W. (2016), Online Algorithms with Advice: A Survey",https://doi.org/10.1145/2993749.2993766,Cited scholarly work; article/book bytes not redistributed; publisher or author rights apply,article,"persistent identifier and core metadata cross-checked against publisher, official proceedings, arXiv, or edition-specific catalog metadata",manuscript citation and claim-scoped related-work context only,advice-complexity and online-information model context,bibliographic metadata and claim-level context checked; full-text reading is claimed only where separately recorded in literature-calibration.csv,false,2026-09-16
"Brémaud, Pierre (2020), Probability Theory and Stochastic Processes",https://doi.org/10.1007/978-3-030-40183-2,Cited scholarly work; article/book bytes not redistributed; publisher or author rights apply,book,"persistent identifier and core metadata cross-checked against publisher, official proceedings, arXiv, or edition-specific catalog metadata",manuscript citation and claim-scoped related-work context only,"regular variation, Palm/regeneration, heavy-tail, or queueing background",bibliographic metadata and claim-level context checked; full-text reading is claimed only where separately recorded in literature-calibration.csv,false,2026-09-16
"Charlet, Nils and Van Houdt, Benny (2024), Tail Optimality and Performance Analysis of the Nudge-M Scheduling Algorithm",https://arxiv.org/abs/2403.06588,Cited scholarly work; article/book bytes not redistributed; publisher or author rights apply,misc,"persistent identifier and core metadata cross-checked against publisher, official proceedings, arXiv, or edition-specific catalog metadata",manuscript citation and claim-scoped related-work context only,priority/index/large-deviation scheduling context,bibliographic metadata and claim-level context checked; full-text reading is claimed only where separately recorded in literature-calibration.csv,false,2026-09-16
"Chen, Yan and Dong, Jing (2021), Scheduling with Service-Time Information: The Power of Two Priority Classes",https://arxiv.org/abs/2105.10499,Cited scholarly work; article/book bytes not redistributed; publisher or author rights apply,misc,"persistent identifier and core metadata cross-checked against publisher, official proceedings, arXiv, or edition-specific catalog metadata",manuscript citation and claim-scoped related-work context only,priority/index/large-deviation scheduling context,bibliographic metadata and claim-level context checked; full-text reading is claimed only where separately recorded in literature-calibration.csv,false,2026-09-16
"Cohen, Jacob W. (1973), Some Results on Regular Variation for Distributions in Queueing and Fluctuation Theory",https://doi.org/10.2307/3212351,Cited scholarly work; article/book bytes not redistributed; publisher or author rights apply,article,"persistent identifier and core metadata cross-checked against publisher, official proceedings, arXiv, or edition-specific catalog metadata",manuscript citation and claim-scoped related-work context only,"processor-sharing, rank-policy, or response-tail comparison",bibliographic metadata and claim-level context checked; full-text reading is claimed only where separately recorded in literature-calibration.csv,false,2026-09-16
"Crovella, Mark E. and Bestavros, Azer (1996), Self-Similarity in World Wide Web Traffic: Evidence and Possible Causes",https://doi.org/10.1145/233013.233038,Cited scholarly work; article/book bytes not redistributed; publisher or author rights apply,inproceedings,"persistent identifier and core metadata cross-checked against publisher, official proceedings, arXiv, or edition-specific catalog metadata",manuscript citation and claim-scoped related-work context only,"regular variation, Palm/regeneration, heavy-tail, or queueing background",bibliographic metadata and claim-level context checked; full-text reading is claimed only where separately recorded in literature-calibration.csv,false,2026-09-16
"Emek, Yuval and Fraigniaud, Pierre and Korman, Amos and Rosén, Adi (2011), Online Computation with Advice",https://doi.org/10.1016/j.tcs.2010.08.007,Cited scholarly work; article/book bytes not redistributed; publisher or author rights apply,article,"persistent identifier and core metadata cross-checked against publisher, official proceedings, arXiv, or edition-specific catalog metadata",manuscript citation and claim-scoped related-work context only,advice-complexity and online-information model context,bibliographic metadata and claim-level context checked; full-text reading is claimed only where separately recorded in literature-calibration.csv,false,2026-09-16
"Fajardo, Val Andrei and Drekic, Steve (2015), Controlling the Workload of M/G/1 Queues via the $q$-Policy",https://doi.org/10.1016/j.ejor.2014.12.036,Cited scholarly work; article/book bytes not redistributed; publisher or author rights apply,article,"persistent identifier and core metadata cross-checked against publisher, official proceedings, arXiv, or edition-specific catalog metadata",manuscript citation and claim-scoped related-work context only,priority/index/large-deviation scheduling context,bibliographic metadata and claim-level context checked; full-text reading is claimed only where separately recorded in literature-calibration.csv,false,2026-09-16
"Fajardo, Val Andrei and Drekic, Steve (2017), Waiting Time Distributions in the Preemptive Accumulating Priority Queue",https://doi.org/10.1007/s11009-015-9476-1,Cited scholarly work; article/book bytes not redistributed; publisher or author rights apply,article,"persistent identifier and core metadata cross-checked against publisher, official proceedings, arXiv, or edition-specific catalog metadata",manuscript citation and claim-scoped related-work context only,priority/index/large-deviation scheduling context,bibliographic metadata and claim-level context checked; full-text reading is claimed only where separately recorded in literature-calibration.csv,false,2026-09-16
"Foss, Sergey and Korshunov, Dmitry and Zachary, Stan (2013), An Introduction to Heavy-Tailed and Subexponential Distributions",https://doi.org/10.1007/978-1-4614-7101-1,Cited scholarly work; article/book bytes not redistributed; publisher or author rights apply,book,"persistent identifier and core metadata cross-checked against publisher, official proceedings, arXiv, or edition-specific catalog metadata",manuscript citation and claim-scoped related-work context only,"regular variation, Palm/regeneration, heavy-tail, or queueing background",bibliographic metadata and claim-level context checked; full-text reading is claimed only where separately recorded in literature-calibration.csv,false,2026-09-16
"Friedman, Eric J. and Henderson, Shane G. (2003), Fairness and Efficiency in Web Server Protocols",https://doi.org/10.1145/885651.781056,Cited scholarly work; article/book bytes not redistributed; publisher or author rights apply,article,"persistent identifier and core metadata cross-checked against publisher, official proceedings, arXiv, or edition-specific catalog metadata",manuscript citation and claim-scoped related-work context only,priority/index/large-deviation scheduling context,bibliographic metadata and claim-level context checked; full-text reading is claimed only where separately recorded in literature-calibration.csv,false,2026-09-16
"Gavish, Bezalel and Schweitzer, Paul J. (1977), The Markovian Queue with Bounded Waiting Time",https://doi.org/10.1287/mnsc.23.12.1349,Cited scholarly work; article/book bytes not redistributed; publisher or author rights apply,article,"persistent identifier and core metadata cross-checked against publisher, official proceedings, arXiv, or edition-specific catalog metadata",manuscript citation and claim-scoped related-work context only,priority/index/large-deviation scheduling context,bibliographic metadata and claim-level context checked; full-text reading is claimed only where separately recorded in literature-calibration.csv,false,2026-09-16
"Gittins, John C. and Glazebrook, Kevin D. and Weber, Richard R. (2011), Multi-Armed Bandit Allocation Indices",https://search.worldcat.org/isbn/9780470670026,Cited scholarly work; article/book bytes not redistributed; publisher or author rights apply,book,"persistent identifier and core metadata cross-checked against publisher, official proceedings, arXiv, or edition-specific catalog metadata",manuscript citation and claim-scoped related-work context only,priority/index/large-deviation scheduling context,bibliographic metadata and claim-level context checked; full-text reading is claimed only where separately recorded in literature-calibration.csv,false,2026-09-16
"Grosof, Isaac and Scully, Ziv and Harchol-Balter, Mor (2018), SRPT for Multiserver Systems",https://doi.org/10.1016/j.peva.2018.10.001,Cited scholarly work; article/book bytes not redistributed; publisher or author rights apply,article,"persistent identifier and core metadata cross-checked against publisher, official proceedings, arXiv, or edition-specific catalog metadata",manuscript citation and claim-scoped related-work context only,multiserver or load-balancing boundary context,bibliographic metadata and claim-level context checked; full-text reading is claimed only where separately recorded in literature-calibration.csv,false,2026-09-16
"Grosof, Isaac and Scully, Ziv and Harchol-Balter, Mor (2019), Load Balancing Guardrails: Keeping Your Heavy Traffic on the Road to Low Response Times",https://doi.org/10.1145/3341617.3326157,Cited scholarly work; article/book bytes not redistributed; publisher or author rights apply,article,"persistent identifier and core metadata cross-checked against publisher, official proceedings, arXiv, or edition-specific catalog metadata",manuscript citation and claim-scoped related-work context only,multiserver or load-balancing boundary context,bibliographic metadata and claim-level context checked; full-text reading is claimed only where separately recorded in literature-calibration.csv,false,2026-09-16
"Grosof, Isaac and Yang, Kunhe and Scully, Ziv and Harchol-Balter, Mor (2021), Nudge: Stochastically Improving upon FCFS",https://doi.org/10.1145/3460088,Cited scholarly work; article/book bytes not redistributed; publisher or author rights apply,article,"persistent identifier and core metadata cross-checked against publisher, official proceedings, arXiv, or edition-specific catalog metadata",manuscript citation and claim-scoped related-work context only,priority/index/large-deviation scheduling context,bibliographic metadata and claim-level context checked; full-text reading is claimed only where separately recorded in literature-calibration.csv,false,2026-09-16
"Guillemin, Fabrice and Robert, Philippe and Zwart, Bert (2004), Tail Asymptotics for Processor-Sharing Queues",https://doi.org/10.1239/aap/1086957584,Cited scholarly work; article/book bytes not redistributed; publisher or author rights apply,article,"persistent identifier and core metadata cross-checked against publisher, official proceedings, arXiv, or edition-specific catalog metadata",manuscript citation and claim-scoped related-work context only,"processor-sharing, rank-policy, or response-tail comparison",bibliographic metadata and claim-level context checked; full-text reading is claimed only where separately recorded in literature-calibration.csv,false,2026-09-16
"Harchol-Balter, Mor (2013), Performance Modeling and Design of Computer Systems: Queueing Theory in Action",https://doi.org/10.1017/CBO9781139226424,Cited scholarly work; article/book bytes not redistributed; publisher or author rights apply,book,"persistent identifier and core metadata cross-checked against publisher, official proceedings, arXiv, or edition-specific catalog metadata",manuscript citation and claim-scoped related-work context only,"regular variation, Palm/regeneration, heavy-tail, or queueing background",bibliographic metadata and claim-level context checked; full-text reading is claimed only where separately recorded in literature-calibration.csv,false,2026-09-16
"Harchol-Balter, Mor and Schroeder, Bianca and Bansal, Nikhil and Agrawal, Mukesh (2003), Size-Based Scheduling to Improve Web Performance",https://doi.org/10.1145/762483.762486,Cited scholarly work; article/book bytes not redistributed; publisher or author rights apply,article,"persistent identifier and core metadata cross-checked against publisher, official proceedings, arXiv, or edition-specific catalog metadata",manuscript citation and claim-scoped related-work context only,"regular variation, Palm/regeneration, heavy-tail, or queueing background",bibliographic metadata and claim-level context checked; full-text reading is claimed only where separately recorded in literature-calibration.csv,false,2026-09-16
"Hromkovic, Juraj and Královič, Rastislav and Královič, Richard (2010), Information Complexity of Online Problems",https://doi.org/10.1007/978-3-642-15155-2_3,Cited scholarly work; article/book bytes not redistributed; publisher or author rights apply,inproceedings,"persistent identifier and core metadata cross-checked against publisher, official proceedings, arXiv, or edition-specific catalog metadata",manuscript citation and claim-scoped related-work context only,advice-complexity and online-information model context,bibliographic metadata and claim-level context checked; full-text reading is claimed only where separately recorded in literature-calibration.csv,false,2026-09-16
"Hong, Yige and Scully, Ziv (2024), Performance of the Gittins Policy in the G/G/1 and G/G/$k$, with and without Setup Times",https://doi.org/10.1016/j.peva.2023.102377,Cited scholarly work; article/book bytes not redistributed; publisher or author rights apply,article,"persistent identifier and core metadata cross-checked against publisher, official proceedings, arXiv, or edition-specific catalog metadata",manuscript citation and claim-scoped related-work context only,multiserver or load-balancing boundary context,bibliographic metadata and claim-level context checked; full-text reading is claimed only where separately recorded in literature-calibration.csv,false,2026-09-16
"Kingman, J. F. C. (1993), Poisson Processes",https://search.worldcat.org/isbn/9780198536932,Cited scholarly work; article/book bytes not redistributed; publisher or author rights apply,book,"persistent identifier and core metadata cross-checked against publisher, official proceedings, arXiv, or edition-specific catalog metadata",manuscript citation and claim-scoped related-work context only,"regular variation, Palm/regeneration, heavy-tail, or queueing background",bibliographic metadata and claim-level context checked; full-text reading is claimed only where separately recorded in literature-calibration.csv,false,2026-09-16
"Kalyanasundaram, Bala and Pruhs, Kirk R. (1997), Minimizing Flow Time Nonclairvoyantly",https://doi.org/10.1109/SFCS.1997.646123,Cited scholarly work; article/book bytes not redistributed; publisher or author rights apply,inproceedings,"persistent identifier and core metadata cross-checked against publisher, official proceedings, arXiv, or edition-specific catalog metadata",manuscript citation and claim-scoped related-work context only,"adversarial scheduling, flow-time, nonclairvoyance, or speed-augmentation context",bibliographic metadata and claim-level context checked; full-text reading is claimed only where separately recorded in literature-calibration.csv,false,2026-09-16
"Kalyanasundaram, Bala and Pruhs, Kirk R. (2000), Speed Is as Powerful as Clairvoyance",https://doi.org/10.1145/347476.347479,Cited scholarly work; article/book bytes not redistributed; publisher or author rights apply,article,"persistent identifier and core metadata cross-checked against publisher, official proceedings, arXiv, or edition-specific catalog metadata",manuscript citation and claim-scoped related-work context only,"adversarial scheduling, flow-time, nonclairvoyance, or speed-augmentation context",bibliographic metadata and claim-level context checked; full-text reading is claimed only where separately recorded in literature-calibration.csv,false,2026-09-16
"Kalyanasundaram, Bala and Pruhs, Kirk R. (2003), Minimizing Flow Time Nonclairvoyantly",https://doi.org/10.1145/792538.792545,Cited scholarly work; article/book bytes not redistributed; publisher or author rights apply,article,"persistent identifier and core metadata cross-checked against publisher, official proceedings, arXiv, or edition-specific catalog metadata",manuscript citation and claim-scoped related-work context only,"adversarial scheduling, flow-time, nonclairvoyance, or speed-augmentation context",bibliographic metadata and claim-level context checked; full-text reading is claimed only where separately recorded in literature-calibration.csv,false,2026-09-16
"Komm, Dennis and Královič, Richard (2011), Advice Complexity and Barely Random Algorithms",https://doi.org/10.1051/ita/2011105,Cited scholarly work; article/book bytes not redistributed; publisher or author rights apply,article,"persistent identifier and core metadata cross-checked against publisher, official proceedings, arXiv, or edition-specific catalog metadata",manuscript citation and claim-scoped related-work context only,advice-complexity and online-information model context,bibliographic metadata and claim-level context checked; full-text reading is claimed only where separately recorded in literature-calibration.csv,false,2026-09-16
"Lenstra, Jan Karel and Shmoys, David B. (2020), Elements of Scheduling",https://arxiv.org/abs/2001.06005,Cited scholarly work; article/book bytes not redistributed; publisher or author rights apply,misc,"persistent identifier and core metadata cross-checked against publisher, official proceedings, arXiv, or edition-specific catalog metadata",manuscript citation and claim-scoped related-work context only,"adversarial scheduling, flow-time, nonclairvoyance, or speed-augmentation context",bibliographic metadata and claim-level context checked; full-text reading is claimed only where separately recorded in literature-calibration.csv,false,2026-09-16
"Li, Pengfei and Christianson, Nicolas and Yang, Jianyi and Wierman, Adam and Ren, Shaolei (2025), Learning for Sustainable Online Scheduling with Competitive Fairness Guarantees",https://doi.org/10.1145/3679240.3734615,Cited scholarly work; article/book bytes not redistributed; publisher or author rights apply,inproceedings,"persistent identifier and core metadata cross-checked against publisher, official proceedings, arXiv, or edition-specific catalog metadata",manuscript citation and claim-scoped related-work context only,learning-augmented or prediction-based scheduling context and model separation,bibliographic metadata and claim-level context checked; full-text reading is claimed only where separately recorded in literature-calibration.csv,false,2026-09-16
"Lykouris, Thodoris and Vassilvitskii, Sergei (2018), Competitive Caching with Machine Learned Advice",https://proceedings.mlr.press/v80/lykouris18a.html,Cited scholarly work; article/book bytes not redistributed; publisher or author rights apply,inproceedings,"persistent identifier and core metadata cross-checked against publisher, official proceedings, arXiv, or edition-specific catalog metadata",manuscript citation and claim-scoped related-work context only,learning-augmented or prediction-based scheduling context and model separation,bibliographic metadata and claim-level context checked; full-text reading is claimed only where separately recorded in literature-calibration.csv,false,2026-09-16
"Mandjes, Michel and Zwart, Bert (2006), Large Deviations of Sojourn Times in Processor Sharing Queues",https://doi.org/10.1007/s11134-006-5567-6,Cited scholarly work; article/book bytes not redistributed; publisher or author rights apply,article,"persistent identifier and core metadata cross-checked against publisher, official proceedings, arXiv, or edition-specific catalog metadata",manuscript citation and claim-scoped related-work context only,"processor-sharing, rank-policy, or response-tail comparison",bibliographic metadata and claim-level context checked; full-text reading is claimed only where separately recorded in literature-calibration.csv,false,2026-09-16
"Mitzenmacher, Michael and Vassilvitskii, Sergei (2022), Algorithms with Predictions",https://doi.org/10.1145/3528087,Cited scholarly work; article/book bytes not redistributed; publisher or author rights apply,article,"persistent identifier and core metadata cross-checked against publisher, official proceedings, arXiv, or edition-specific catalog metadata",manuscript citation and claim-scoped related-work context only,learning-augmented or prediction-based scheduling context and model separation,bibliographic metadata and claim-level context checked; full-text reading is claimed only where separately recorded in literature-calibration.csv,false,2026-09-16
"Nair, Jayakrishnan and Wierman, Adam and Zwart, Bert (2010), Tail-Robust Scheduling via Limited Processor Sharing",https://doi.org/10.1016/j.peva.2010.08.012,Cited scholarly work; article/book bytes not redistributed; publisher or author rights apply,article,"persistent identifier and core metadata cross-checked against publisher, official proceedings, arXiv, or edition-specific catalog metadata",manuscript citation and claim-scoped related-work context only,"processor-sharing, rank-policy, or response-tail comparison",bibliographic metadata and claim-level context checked; full-text reading is claimed only where separately recorded in literature-calibration.csv,false,2026-09-16
"Núñez-Queija, Rudesindo (2002), Queues with Equally Heavy Sojourn Time and Service Requirement Distributions",https://doi.org/10.1023/A:1020905810996,Cited scholarly work; article/book bytes not redistributed; publisher or author rights apply,article,"persistent identifier and core metadata cross-checked against publisher, official proceedings, arXiv, or edition-specific catalog metadata",manuscript citation and claim-scoped related-work context only,"processor-sharing, rank-policy, or response-tail comparison",bibliographic metadata and claim-level context checked; full-text reading is claimed only where separately recorded in literature-calibration.csv,false,2026-09-16
"Nuyens, Misja and Wierman, Adam (2008), The Foreground-Background Queue: A Survey",https://doi.org/10.1016/j.peva.2007.06.028,Cited scholarly work; article/book bytes not redistributed; publisher or author rights apply,article,"persistent identifier and core metadata cross-checked against publisher, official proceedings, arXiv, or edition-specific catalog metadata",manuscript citation and claim-scoped related-work context only,"processor-sharing, rank-policy, or response-tail comparison",bibliographic metadata and claim-level context checked; full-text reading is claimed only where separately recorded in literature-calibration.csv,false,2026-09-16
"Nuyens, Misja and Wierman, Adam and Zwart, Bert (2008), Preventing Large Sojourn Times Using SMART Scheduling",https://doi.org/10.1287/opre.1070.0504,Cited scholarly work; article/book bytes not redistributed; publisher or author rights apply,article,"persistent identifier and core metadata cross-checked against publisher, official proceedings, arXiv, or edition-specific catalog metadata",manuscript citation and claim-scoped related-work context only,"processor-sharing, rank-policy, or response-tail comparison",bibliographic metadata and claim-level context checked; full-text reading is claimed only where separately recorded in literature-calibration.csv,false,2026-09-16
"Nuyens, Misja and Zwart, Bert (2006), A Large-Deviations Analysis of the GI/GI/1 SRPT Queue",https://doi.org/10.1007/s11134-006-8767-1,Cited scholarly work; article/book bytes not redistributed; publisher or author rights apply,article,"persistent identifier and core metadata cross-checked against publisher, official proceedings, arXiv, or edition-specific catalog metadata",manuscript citation and claim-scoped related-work context only,"processor-sharing, rank-policy, or response-tail comparison",bibliographic metadata and claim-level context checked; full-text reading is claimed only where separately recorded in literature-calibration.csv,false,2026-09-16
"Pinedo, Michael L. (2016), Scheduling: Theory, Algorithms, and Systems",https://doi.org/10.1007/978-3-319-26580-3,Cited scholarly work; article/book bytes not redistributed; publisher or author rights apply,book,"persistent identifier and core metadata cross-checked against publisher, official proceedings, arXiv, or edition-specific catalog metadata",manuscript citation and claim-scoped related-work context only,"adversarial scheduling, flow-time, nonclairvoyance, or speed-augmentation context",bibliographic metadata and claim-level context checked; full-text reading is claimed only where separately recorded in literature-calibration.csv,false,2026-09-16
"Purohit, Manish and Svitkina, Zoya and Kumar, Ravi (2018), Improving Online Algorithms via ML Predictions",https://proceedings.neurips.cc/paper/2018/hash/73a427badebe0e32caa2e1fc7530b7f3-Abstract.html,Cited scholarly work; article/book bytes not redistributed; publisher or author rights apply,inproceedings,"persistent identifier and core metadata cross-checked against publisher, official proceedings, arXiv, or edition-specific catalog metadata",manuscript citation and claim-scoped related-work context only,learning-augmented or prediction-based scheduling context and model separation,bibliographic metadata and claim-level context checked; full-text reading is claimed only where separately recorded in literature-calibration.csv,false,2026-09-16
"Schrage, Linus and Miller, Louis W. (1966), The Queue M/G/1 with the Shortest Remaining Processing Time Discipline",https://doi.org/10.1287/opre.14.4.670,Cited scholarly work; article/book bytes not redistributed; publisher or author rights apply,article,"persistent identifier and core metadata cross-checked against publisher, official proceedings, arXiv, or edition-specific catalog metadata",manuscript citation and claim-scoped related-work context only,priority/index/large-deviation scheduling context,bibliographic metadata and claim-level context checked; full-text reading is claimed only where separately recorded in literature-calibration.csv,false,2026-09-16
"Scully, Ziv and Harchol-Balter, Mor and Scheller-Wolf, Alan (2018), SOAP: One Clean Analysis of All Age-Based Scheduling Policies",https://doi.org/10.1145/3179419,Cited scholarly work; article/book bytes not redistributed; publisher or author rights apply,article,"persistent identifier and core metadata cross-checked against publisher, official proceedings, arXiv, or edition-specific catalog metadata",manuscript citation and claim-scoped related-work context only,"processor-sharing, rank-policy, or response-tail comparison",bibliographic metadata and claim-level context checked; full-text reading is claimed only where separately recorded in literature-calibration.csv,false,2026-09-16
"Scully, Ziv and Harchol-Balter, Mor (2018), SOAP Bubbles: Robust Scheduling under Adversarial Noise",https://doi.org/10.1109/ALLERTON.2018.8635963,Cited scholarly work; article/book bytes not redistributed; publisher or author rights apply,inproceedings,"persistent identifier and core metadata cross-checked against publisher, official proceedings, arXiv, or edition-specific catalog metadata",manuscript citation and claim-scoped related-work context only,"processor-sharing, rank-policy, or response-tail comparison",bibliographic metadata and claim-level context checked; full-text reading is claimed only where separately recorded in literature-calibration.csv,false,2026-09-16
"Scully, Ziv and Harchol-Balter, Mor and Scheller-Wolf, Alan (2020), Simple Near-Optimal Scheduling for the M/G/1",https://doi.org/10.1145/3379477,Cited scholarly work; article/book bytes not redistributed; publisher or author rights apply,article,"persistent identifier and core metadata cross-checked against publisher, official proceedings, arXiv, or edition-specific catalog metadata",manuscript citation and claim-scoped related-work context only,"processor-sharing, rank-policy, or response-tail comparison",bibliographic metadata and claim-level context checked; full-text reading is claimed only where separately recorded in literature-calibration.csv,false,2026-09-16
"Scully, Ziv and Grosof, Isaac and Harchol-Balter, Mor (2020), The Gittins Policy Is Nearly Optimal in the M/G/$k$ under Extremely General Conditions",https://doi.org/10.1145/3428328,Cited scholarly work; article/book bytes not redistributed; publisher or author rights apply,article,"persistent identifier and core metadata cross-checked against publisher, official proceedings, arXiv, or edition-specific catalog metadata",manuscript citation and claim-scoped related-work context only,"processor-sharing, rank-policy, or response-tail comparison",bibliographic metadata and claim-level context checked; full-text reading is claimed only where separately recorded in literature-calibration.csv,false,2026-09-16
"Scully, Ziv and van Kreveld, Lucas and Boxma, Onno J. and Dorsman, Jan-Pieter and Wierman, Adam (2020), Characterizing Policies with Optimal Response Time Tails under Heavy-Tailed Job Sizes",https://doi.org/10.1145/3392148,Cited scholarly work; article/book bytes not redistributed; publisher or author rights apply,article,"persistent identifier and core metadata cross-checked against publisher, official proceedings, arXiv, or edition-specific catalog metadata",manuscript citation and claim-scoped related-work context only,"processor-sharing, rank-policy, or response-tail comparison",bibliographic metadata and claim-level context checked; full-text reading is claimed only where separately recorded in literature-calibration.csv,false,2026-09-16
"Scully, Ziv and Harchol-Balter, Mor (2021), The Gittins Policy in the M/G/1 Queue",https://doi.org/10.23919/WiOpt52861.2021.9589051,Cited scholarly work; article/book bytes not redistributed; publisher or author rights apply,inproceedings,"persistent identifier and core metadata cross-checked against publisher, official proceedings, arXiv, or edition-specific catalog metadata",manuscript citation and claim-scoped related-work context only,"processor-sharing, rank-policy, or response-tail comparison",bibliographic metadata and claim-level context checked; full-text reading is claimed only where separately recorded in literature-calibration.csv,false,2026-09-16
"Scully, Ziv and van Kreveld, Lucas (2024), When Does the Gittins Policy Have Asymptotically Optimal Response Time Tail in the M/G/1?",https://doi.org/10.1287/opre.2022.0038,Cited scholarly work; article/book bytes not redistributed; publisher or author rights apply,article,"persistent identifier and core metadata cross-checked against publisher, official proceedings, arXiv, or edition-specific catalog metadata",manuscript citation and claim-scoped related-work context only,"processor-sharing, rank-policy, or response-tail comparison",bibliographic metadata and claim-level context checked; full-text reading is claimed only where separately recorded in literature-calibration.csv,false,2026-09-16
"Shanthikumar, J. George and Sumita, Ushio (1987), Convex Ordering of Sojourn Times in Single-Server Queues: Extremal Properties of FIFO and LIFO Service Disciplines",https://doi.org/10.2307/3214103,Cited scholarly work; article/book bytes not redistributed; publisher or author rights apply,article,"persistent identifier and core metadata cross-checked against publisher, official proceedings, arXiv, or edition-specific catalog metadata",manuscript citation and claim-scoped related-work context only,"processor-sharing, rank-policy, or response-tail comparison",bibliographic metadata and claim-level context checked; full-text reading is claimed only where separately recorded in literature-calibration.csv,false,2026-09-16
"Stolyar, Alexander L. and Ramanan, Kavita (2001), Largest Weighted Delay First Scheduling: Large Deviations and Optimality",https://doi.org/10.1214/aoap/998926986,Cited scholarly work; article/book bytes not redistributed; publisher or author rights apply,article,"persistent identifier and core metadata cross-checked against publisher, official proceedings, arXiv, or edition-specific catalog metadata",manuscript citation and claim-scoped related-work context only,priority/index/large-deviation scheduling context,bibliographic metadata and claim-level context checked; full-text reading is claimed only where separately recorded in literature-calibration.csv,false,2026-09-16
"Van Houdt, Benny (2022), On the Stochastic and Asymptotic Improvement of First-Come First-Served and Nudge Scheduling",https://doi.org/10.1145/3570610,Cited scholarly work; article/book bytes not redistributed; publisher or author rights apply,article,"persistent identifier and core metadata cross-checked against publisher, official proceedings, arXiv, or edition-specific catalog metadata",manuscript citation and claim-scoped related-work context only,"processor-sharing, rank-policy, or response-tail comparison",bibliographic metadata and claim-level context checked; full-text reading is claimed only where separately recorded in literature-calibration.csv,false,2026-09-16
"Wierman, Adam and Zwart, Bert (2012), Is Tail-Optimal Scheduling Possible?",https://doi.org/10.1287/opre.1120.1086,Cited scholarly work; article/book bytes not redistributed; publisher or author rights apply,article,"persistent identifier and core metadata cross-checked against publisher, official proceedings, arXiv, or edition-specific catalog metadata",manuscript citation and claim-scoped related-work context only,"processor-sharing, rank-policy, or response-tail comparison",bibliographic metadata and claim-level context checked; full-text reading is claimed only where separately recorded in literature-calibration.csv,false,2026-09-16
"Wolff, Ronald W. (1982), Poisson Arrivals See Time Averages",https://doi.org/10.1287/opre.30.2.223,Cited scholarly work; article/book bytes not redistributed; publisher or author rights apply,article,"persistent identifier and core metadata cross-checked against publisher, official proceedings, arXiv, or edition-specific catalog metadata",manuscript citation and claim-scoped related-work context only,"regular variation, Palm/regeneration, heavy-tail, or queueing background",bibliographic metadata and claim-level context checked; full-text reading is claimed only where separately recorded in literature-calibration.csv,false,2026-09-16
"Yashkov, Sergei F. (1987), Processor-Sharing Queues: Some Progress in Analysis",https://doi.org/10.1007/BF01182931,Cited scholarly work; article/book bytes not redistributed; publisher or author rights apply,article,"persistent identifier and core metadata cross-checked against publisher, official proceedings, arXiv, or edition-specific catalog metadata",manuscript citation and claim-scoped related-work context only,"processor-sharing, rank-policy, or response-tail comparison",bibliographic metadata and claim-level context checked; full-text reading is claimed only where separately recorded in literature-calibration.csv,false,2026-09-16
"Zwart, Bert (2001), Tail Asymptotics for the Busy Period in the GI/G/1 Queue",https://doi.org/10.1287/moor.26.3.485.10584,Cited scholarly work; article/book bytes not redistributed; publisher or author rights apply,article,"persistent identifier and core metadata cross-checked against publisher, official proceedings, arXiv, or edition-specific catalog metadata",manuscript citation and claim-scoped related-work context only,"regular variation, Palm/regeneration, heavy-tail, or queueing background",bibliographic metadata and claim-level context checked; full-text reading is claimed only where separately recorded in literature-calibration.csv,false,2026-09-16
"Zwart, Bert and Boxma, Onno J. (2000), Sojourn Time Asymptotics in the M/G/1 Processor Sharing Queue",https://doi.org/10.1023/A:1019142010994,Cited scholarly work; article/book bytes not redistributed; publisher or author rights apply,article,"persistent identifier and core metadata cross-checked against publisher, official proceedings, arXiv, or edition-specific catalog metadata",manuscript citation and claim-scoped related-work context only,"processor-sharing, rank-policy, or response-tail comparison",bibliographic metadata and claim-level context checked; full-text reading is claimed only where separately recorded in literature-calibration.csv,false,2026-09-16
"Yu, George and Scully, Ziv (2024), Strongly Tail-Optimal Scheduling in the Light-Tailed M/G/1",https://doi.org/10.1145/3656011,Cited scholarly work; article/book bytes not redistributed; publisher or author rights apply,article,"persistent identifier and core metadata cross-checked against publisher, official proceedings, arXiv, or edition-specific catalog metadata",manuscript citation and claim-scoped related-work context only,"processor-sharing, rank-policy, or response-tail comparison",bibliographic metadata and claim-level context checked; full-text reading is claimed only where separately recorded in literature-calibration.csv,false,2026-09-16
"Cosson, Romain and Li, Jingwei and Lindermayr, Alexander and Schlöter, Jens (2026), Online Scheduling with a Stochastic Signal",https://arxiv.org/abs/2607.17784,Cited scholarly work; article/book bytes not redistributed; publisher or author rights apply,misc,"persistent identifier and core metadata cross-checked against publisher, official proceedings, arXiv, or edition-specific catalog metadata",manuscript citation and claim-scoped related-work context only,learning-augmented or prediction-based scheduling context and model separation,bibliographic metadata and claim-level context checked; full-text reading is claimed only where separately recorded in literature-calibration.csv,false,2026-09-16
SICOMP instructions for authors,https://epubs.siam.org/journal/sicomp/instructions-for-authors,Publisher workflow page; not manuscript literature,official instructions,live primary-page inspection,venue contract only,review route and absence of a numeric cap on the inspected guide,guide inspected; live policy must be rechecked before external use,false,2026-09-12
SIAM journal author guide and macro listing,https://epubs.siam.org/journal-authors,Publisher workflow and macro notices,official instructions,live primary-page inspection,template-family and build contract only,current siamart251216 family listing,guide/listing inspected; complete publisher ZIP not redistributed,false,2026-09-12
SIAM AI-use policy,https://epubs.siam.org/artificial-intelligence,Publisher policy; not manuscript literature,official policy,live primary-page inspection,external-use readiness assessment only,human responsibility and truthful substantive-AI policy review before external use,policy inspected; no compliance declaration or submission made,false,2026-09-12
Supplied SIAM class and bibliography style,https://epubs.siam.org/pb-assets/macros/standard/siamart_251216.zip,Class notice requires redistribution with complete distribution; partial upload not bundled,typesetting input,matched user-uploaded TEMPLATE.zip; class and style inspected,unchanged temporary build input only,review-family typesetting,local upload inspected; no claim of byte identity with an unavailable official complete ZIP,false,2026-09-12
"Full-paper calibration S01: Sungjin Im, Benjamin Moseley, and Kirk Pruhs, “Online Scheduling with General Cost Functions,” SIAM Journal on Computing 43(1):126–143, 2014. doi:10.1137/120902288.",https://www.andrew.cmu.edu/user/moseleyb/papers/GenCostHDF.pdf,Cited scholarly work; article bytes not redistributed; publisher or author rights apply,full-text structural calibration article,lawful author/preprint/institutional copy; official record https://doi.org/10.1137/120902288,research-plan and literature-calibration structural comparison only; no article bytes bundled,Calibrates how a SICOMP paper states a general scheduling principle and separates corollaries.,"Full text traversed for problem framing, formal model, theorem statements, proof spine, conclusion/limitations, and references; this is structural calibration, not an independent line-by-line proof verification. Online, clairvoyant cost revelation; competitive guarantees use resource augmentation and do not address stationary queue tails.",false,2026-09-15
"Full-paper calibration S02: Nikhil Bansal and Kirk Pruhs, “The Geometry of Scheduling,” SIAM Journal on Computing 43(5):1684–1698, 2014. doi:10.1137/130911317.",https://arxiv.org/abs/1008.4889,Cited scholarly work; article bytes not redistributed; publisher or author rights apply,full-text structural calibration article,lawful author/preprint/institutional copy; official record https://doi.org/10.1137/130911317,research-plan and literature-calibration structural comparison only; no article bytes bundled,Calibrates a strong “missing principle” narrative and theorem ladder.,"Full text traversed for problem framing, formal model, theorem statements, proof spine, conclusion/limitations, and references; this is structural calibration, not an independent line-by-line proof verification. Offline approximation; no causal policy, no stochastic tail, and no finite-input competitive certificate.",false,2026-09-15
"Full-paper calibration S03: Nikhil Bansal, Lars Rohwedder, and Ola Svensson, “Flow Time Scheduling and Prefix Beck–Fiala,” SIAM Journal on Computing, special section, 2024. doi:10.1137/22M1541010.",https://arxiv.org/abs/2202.02217,Cited scholarly work; article bytes not redistributed; publisher or author rights apply,full-text structural calibration article,lawful author/preprint/institutional copy; official record https://doi.org/10.1137/22M1541010,research-plan and literature-calibration structural comparison only; no article bytes bundled,Closest same-venue calibration for maximum flow as a formal objective.,"Full text traversed for problem framing, formal model, theorem statements, proof spine, conclusion/limitations, and references; this is structural calibration, not an independent line-by-line proof verification. Offline unrelated-machine approximation/integrality-gap bounds; not an online competitive policy or stochastic queue result.",false,2026-09-15
"Full-paper calibration S04: Sungjin Im, Nathaniel Kell, Janardhan Kulkarni, and Debmalya Panigrahi, “Tight Bounds for Online Vector Scheduling,” SIAM Journal on Computing 48(1):93–121, 2019. doi:10.1137/17M111835X.",https://arxiv.org/abs/1411.3887,Cited scholarly work; article bytes not redistributed; publisher or author rights apply,full-text structural calibration article,lawful author/preprint/institutional copy; official record https://doi.org/10.1137/17M111835X,research-plan and literature-calibration structural comparison only; no article bytes bundled,Calibrates paired upper/lower theorem presentation and honest parameter boundaries.,"Full text traversed for problem framing, formal model, theorem statements, proof spine, conclusion/limitations, and references; this is structural calibration, not an independent line-by-line proof verification. Vector makespan/load balancing; no response-time objective or stochastic service distribution.",false,2026-09-15
"Full-paper calibration S05: Sungjin Im and Benjamin Moseley, “Fair Scheduling via Iterative Quasi-Uniform Sampling,” SIAM Journal on Computing 49(3):658–680, 2020. doi:10.1137/18M1202451.",https://www.andrew.cmu.edu/user/moseleyb/papers/fair-scheduling.pdf,Cited scholarly work; article bytes not redistributed; publisher or author rights apply,full-text structural calibration article,lawful author/preprint/institutional copy; official record https://doi.org/10.1137/18M1202451,research-plan and literature-calibration structural comparison only; no article bytes bundled,Calibrates how to explain a nonstandard guarantee without overselling practicality.,"Full text traversed for problem framing, formal model, theorem statements, proof spine, conclusion/limitations, and references; this is structural calibration, not an independent line-by-line proof verification. Offline/approximation framework; no stable stochastic queue and no environmental-message budget.",false,2026-09-15
"Full-paper calibration S06: Baruch Awerbuch, Yossi Azar, Stefano Leonardi, and Oded Regev, “Minimizing the Flow Time without Migration,” SIAM Journal on Computing 31(5):1370–1382, 2002. doi:10.1137/S009753970037446X.",https://www.cs.tau.ac.il/~azar/Papers/flow.pdf,Cited scholarly work; article bytes not redistributed; publisher or author rights apply,full-text structural calibration article,lawful author/preprint/institutional copy; official record https://doi.org/10.1137/S009753970037446X,research-plan and literature-calibration structural comparison only; no article bytes bundled,Calibrates concise SICOMP competitive-analysis writing.,"Full text traversed for problem framing, formal model, theorem statements, proof spine, conclusion/limitations, and references; this is structural calibration, not an independent line-by-line proof verification. Multiprocessor total-flow competitiveness, generally with speed/assumption tradeoffs; not maximum response on one server.",false,2026-09-15
"Full-paper calibration S07: S. Muthukrishnan, Rajmohan Rajaraman, Anthony Shaheen, and Johannes Gehrke, “Online Scheduling to Minimize Average Stretch,” SIAM Journal on Computing 34(2):433–452, 2005. doi:10.1137/S0097539701387544.",https://www.khoury.northeastern.edu/home/rraj/Pubs/stretch.pdf,Cited scholarly work; article bytes not redistributed; publisher or author rights apply,full-text structural calibration article,lawful author/preprint/institutional copy; official record https://doi.org/10.1137/S0097539701387544,research-plan and literature-calibration structural comparison only; no article bytes bundled,Calibrates precise separation of normalized response metrics from raw flow time.,"Full text traversed for problem framing, formal model, theorem statements, proof spine, conclusion/limitations, and references; this is structural calibration, not an independent line-by-line proof verification. Average stretch and aggregate objectives; no stationary tail order or maximum-flow exact factor.",false,2026-09-15
"Full-paper calibration S08: Ho-Leung Chan, Tak-Wah Lam, and Kin-Shing Liu, “Extra Unit-Speed Machines Are Almost as Powerful as Speedy Machines for Flow Time Scheduling,” SIAM Journal on Computing 37(5):1595–1612, 2008. doi:10.1137/060653445.",https://www.cs.hku.hk/research/techreps/document/TR-2006-08.pdf,Cited scholarly work; article bytes not redistributed; publisher or author rights apply,full-text structural calibration article,lawful author/preprint/institutional copy; official record https://doi.org/10.1137/060653445,research-plan and literature-calibration structural comparison only; no article bytes bundled,Calibrates how our speed-augmentation remark must remain separate from the main same-speed theorem.,"Full text traversed for problem framing, formal model, theorem statements, proof spine, conclusion/limitations, and references; this is structural calibration, not an independent line-by-line proof verification. Parallel-machine total flow under augmentation; not a same-speed exact maximum-response ratio.",false,2026-09-15
"Full-paper calibration S09: Susanne Albers, “Better Bounds for Online Scheduling,” SIAM Journal on Computing 29(2):459–473, 1999. doi:10.1137/S0097539797324874.",https://www.informatik.tu-muenchen.de/~albers/papers/sicomp99.pdf,Cited scholarly work; article bytes not redistributed; publisher or author rights apply,full-text structural calibration article,lawful author/preprint/institutional copy; official record https://doi.org/10.1137/S0097539797324874,research-plan and literature-calibration structural comparison only; no article bytes bundled,Calibrates proportional claims when a bound is improved but not universally optimal.,"Full text traversed for problem framing, formal model, theorem statements, proof spine, conclusion/limitations, and references; this is structural calibration, not an independent line-by-line proof verification. Makespan/load objectives on machines; no queueing equilibrium or response tail.",false,2026-09-15
"Full-paper calibration S10: David B. Shmoys, Joel Wein, and David P. Williamson, “Scheduling Parallel Machines On-Line,” SIAM Journal on Computing 24(6):1313–1331, 1995. doi:10.1137/S0097539793248317.",https://www.cs.cornell.edu/~shmoys/papers/online.pdf,Cited scholarly work; article bytes not redistributed; publisher or author rights apply,full-text structural calibration article,lawful author/preprint/institutional copy; official record https://doi.org/10.1137/S0097539793248317,research-plan and literature-calibration structural comparison only; no article bytes bundled,Calibrates the relationship between offline relaxations and online guarantees.,"Full text traversed for problem framing, formal model, theorem statements, proof spine, conclusion/limitations, and references; this is structural calibration, not an independent line-by-line proof verification. Parallel-machine makespan; no preemptive response-time process or service-law advice.",false,2026-09-15
"Full-paper calibration S11: Marek Chrobak, Wojciech Jawor, Jiří Sgall, and Tomáš Tichý, “Online Scheduling of Equal-Length Jobs: Randomization and Restarts Help,” SIAM Journal on Computing 36(6):1709–1728, 2007. doi:10.1137/S0097539704446608.",https://www.cs.ucr.edu/~marek/pubs/sicomp-equal.pdf,Cited scholarly work; article bytes not redistributed; publisher or author rights apply,full-text structural calibration article,lawful author/preprint/institutional copy; official record https://doi.org/10.1137/S0097539704446608,research-plan and literature-calibration structural comparison only; no article bytes bundled,Calibrates how to isolate randomization as a separate theorem regime.,"Full text traversed for problem framing, formal model, theorem statements, proof spine, conclusion/limitations, and references; this is structural calibration, not an independent line-by-line proof verification. Deadline/value objective with randomization; no heavy-tailed sizes or worst-case maximum response.",false,2026-09-15
"Full-paper calibration S12: Shi Li, “Scheduling to Minimize Total Weighted Completion Time via Time-Indexed Linear Programming Relaxations,” SIAM Journal on Computing 49(4):FOCS17-409–FOCS17-440, 2020. doi:10.1137/17M1156332.",https://arxiv.org/abs/1707.08039,Cited scholarly work; article bytes not redistributed; publisher or author rights apply,full-text structural calibration article,lawful author/preprint/institutional copy; official record https://doi.org/10.1137/17M1156332,research-plan and literature-calibration structural comparison only; no article bytes bundled,Calibrates a multi-result paper that still centers one reusable mechanism.,"Full text traversed for problem framing, formal model, theorem statements, proof spine, conclusion/limitations, and references; this is structural calibration, not an independent line-by-line proof verification. Offline weighted completion; no causal queue policy and no stationary tail.",false,2026-09-15
"Full-paper calibration I01: Adam Wierman and Bert Zwart, “Is Tail-Optimal Scheduling Possible?” Operations Research 60(5):1249–1257, 2012. doi:10.1287/opre.1120.1086.",https://users.cms.caltech.edu/~adamw/papers/impossibility.pdf,Cited scholarly work; article bytes not redistributed; publisher or author rights apply,full-text structural calibration article,lawful author/preprint/institutional copy; official record https://doi.org/10.1287/opre.1120.1086,research-plan and literature-calibration structural comparison only; no article bytes bundled,Primary research origin and closest impossibility boundary.,"Full text traversed for problem framing, formal model, theorem statements, proof spine, conclusion/limitations, and references; this is structural calibration, not an independent line-by-line proof verification. Policy and law class differ from ours; result is not a finite-input maximum-response theorem and does not analyze an environment message selecting among finitely many policies.",false,2026-09-15
"Full-paper calibration I02: Jayakrishnan Nair, Adam Wierman, and Bert Zwart, “Tail-Robust Scheduling via Limited Processor Sharing,” Performance Evaluation 67(11):978–995, 2010. doi:10.1016/j.peva.2010.08.012.",https://www.ee.iitb.ac.in/~jayakrishnan.nair/papers/tail_scheduling_Allerton10.pdf,Cited scholarly work; article bytes not redistributed; publisher or author rights apply,full-text structural calibration article,lawful author/preprint/institutional copy; official record https://doi.org/10.1016/j.peva.2010.08.012,research-plan and literature-calibration structural comparison only; no article bytes bundled,Closest positive policy-family analogue.,"Full text traversed for problem framing, formal model, theorem statements, proof spine, conclusion/limitations, and references; this is structural calibration, not an independent line-by-line proof verification. Stochastic tail robustness for a configured queue; no unconditional finite-input maximum-response competitive factor and no finite-message covering lower bound.",false,2026-09-15
"Full-paper calibration I03: Luca Becchetti and Stefano Leonardi, “Nonclairvoyant Scheduling to Minimize the Total Flow Time on Single and Parallel Machines,” Journal of the ACM 51(4):517–539, 2004. doi:10.1145/1008731.1008732.",https://www.diag.uniroma1.it/~leonardi/Pub/JACM04.pdf,Cited scholarly work; article bytes not redistributed; publisher or author rights apply,full-text structural calibration article,lawful author/preprint/institutional copy; official record https://doi.org/10.1145/1008731.1008732,research-plan and literature-calibration structural comparison only; no article bytes bundled,Foundational comparator for nonclairvoyance and PS-like sharing.,"Full text traversed for problem framing, formal model, theorem statements, proof spine, conclusion/limitations, and references; this is structural calibration, not an independent line-by-line proof verification. Aggregate flow and resource augmentation; not maximum response or a stochastic heavy-tail order guarantee.",false,2026-09-15
"Full-paper calibration I04: Bala Kalyanasundaram and Kirk Pruhs, “Speed Is as Powerful as Clairvoyance,” Journal of the ACM 47(4):617–643, 2000. doi:10.1145/347476.347479.",https://www.cs.pitt.edu/~kirk/papers/speedclair.pdf,Cited scholarly work; article bytes not redistributed; publisher or author rights apply,full-text structural calibration article,lawful author/preprint/institutional copy; official record https://doi.org/10.1145/347476.347479,research-plan and literature-calibration structural comparison only; no article bytes bundled,Foundational information-versus-guarantee context.,"Full text traversed for problem framing, formal model, theorem statements, proof spine, conclusion/limitations, and references; this is structural calibration, not an independent line-by-line proof verification. Resource-augmented aggregate objectives; no load-indexed finite advice and no stationary queue distribution.",false,2026-09-15
"Full-paper calibration I05: Bert Zwart and Onno J. Boxma, “Sojourn Time Asymptotics in the M/G/1 Processor Sharing Queue,” Queueing Systems 35:141–166, 2000. doi:10.1023/A:1019142010994.",https://ir.cwi.nl/pub/4769/04769D.pdf,Cited scholarly work; article bytes not redistributed; publisher or author rights apply,full-text structural calibration article,lawful author/preprint/institutional copy; official record https://doi.org/10.1023/A:1019142010994,research-plan and literature-calibration structural comparison only; no article bytes bundled,Supplies historical context for the residual-PS domination interface.,"Full text traversed for problem framing, formal model, theorem statements, proof spine, conclusion/limitations, and references; this is structural calibration, not an independent line-by-line proof verification. Pure PS in a stationary M/G/1; no adversarial finite-input benchmark or advice.",false,2026-09-15
"Full-paper calibration A01: Ziv Scully, Lucas van Kreveld, Onno J. Boxma, Jan-Pieter Dorsman, and Adam Wierman, “Characterizing Policies with Optimal Response Time Tails under Heavy-Tailed Job Sizes,” Proceedings of the ACM on Measurement and Analysis of Computing Systems 4(2), Article 30, 2020. doi:10.1145/3392148.",https://ziv.codes/scully_characterizing_2020/scully_characterizing_2020.pdf,Cited scholarly work; article bytes not redistributed; publisher or author rights apply,full-text structural calibration article,lawful author/preprint/institutional copy; official record https://doi.org/10.1145/3392148,research-plan and literature-calibration structural comparison only; no article bytes bundled,Closest modern heavy-tail policy characterization.,"Full text traversed for problem framing, formal model, theorem statements, proof spine, conclusion/limitations, and references; this is structural calibration, not an independent line-by-line proof verification. Known service distribution/rank-policy framework; no finite-input competitive maximum-response factor or finite message budget.",false,2026-09-15
"Full-paper calibration A02: George Yu and Ziv Scully, “Strongly Tail-Optimal Scheduling in the Light-Tailed M/G/1,” Proceedings of the ACM on Measurement and Analysis of Computing Systems 8(2), Article 27, 2024. doi:10.1145/3656011.",https://ziv.codes/yu_strongly_2024/yu_strongly_2024.pdf,Cited scholarly work; article bytes not redistributed; publisher or author rights apply,full-text structural calibration article,lawful author/preprint/institutional copy; official record https://doi.org/10.1145/3656011,research-plan and literature-calibration structural comparison only; no article bytes bundled,Calibrates careful naming of tail-order notions and limits.,"Full text traversed for problem framing, formal model, theorem statements, proof spine, conclusion/limitations, and references; this is structural calibration, not an independent line-by-line proof verification. Light-tailed service laws and stochastic optimality; no deterministic competitive certificate or advice partition.",false,2026-09-15
"Full-paper calibration A03: Ziv Scully, Mor Harchol-Balter, and Alan Scheller-Wolf, “SOAP: One Clean Analysis of All Age-Based Scheduling Policies,” Proceedings of the ACM on Measurement and Analysis of Computing Systems 2(1), Article 16, 2018. doi:10.1145/3179419.",https://www.cs.cmu.edu/~harchol/Papers/Sigmetrics18b.pdf,Cited scholarly work; article bytes not redistributed; publisher or author rights apply,full-text structural calibration article,lawful author/preprint/institutional copy; official record https://doi.org/10.1145/3179419,research-plan and literature-calibration structural comparison only; no article bytes bundled,Calibrates notation-driven unification and running examples.,"Full text traversed for problem framing, formal model, theorem statements, proof spine, conclusion/limitations, and references; this is structural calibration, not an independent line-by-line proof verification. Mean/transform response analysis with distribution knowledge; no finite-input worst-case competitive ratio.",false,2026-09-15
"Full-paper calibration A04: Ziv Scully and Mor Harchol-Balter, “SOAP Bubbles: Robust Scheduling under Adversarial Noise,” 56th Annual Allerton Conference on Communication, Control, and Computing, pp. 144–154, 2018. doi:10.1109/ALLERTON.2018.8635963.",https://pdl.cmu.edu/PDL-FTP/associated/Allerton18.pdf,Cited scholarly work; article bytes not redistributed; publisher or author rights apply,full-text structural calibration article,lawful author/preprint/institutional copy; official record https://doi.org/10.1109/ALLERTON.2018.8635963,research-plan and literature-calibration structural comparison only; no article bytes bundled,Closest adjacent example of information plus a baseline guarantee.,"Full text traversed for problem framing, formal model, theorem statements, proof spine, conclusion/limitations, and references; this is structural calibration, not an independent line-by-line proof verification. Per-job predictions/noise model and stochastic mean response; no one-message environment classification or maximum-flow certificate.",false,2026-09-15
"Full-paper calibration A05: Pengfei Li, Nicolas Christianson, Jianyi Yang, Adam Wierman, and Shaolei Ren, “Learning for Sustainable Online Scheduling with Competitive Fairness Guarantees,” Proceedings of ACM e-Energy, pp. 63–79, 2025. doi:10.1145/3679240.3734615.",https://authors.library.caltech.edu/records/k5q2g-a1s84/files/3679240.3734615.pdf,Cited scholarly work; article bytes not redistributed; publisher or author rights apply,full-text structural calibration article,lawful author/preprint/institutional copy; official record https://doi.org/10.1145/3679240.3734615,research-plan and literature-calibration structural comparison only; no article bytes bundled,Current-direction context for learning plus guaranteed baseline performance.,"Full text traversed for problem framing, formal model, theorem statements, proof spine, conclusion/limitations, and references; this is structural calibration, not an independent line-by-line proof verification. Recent learning-augmented multiobjective setting; fairness and sustainability are not response-tail probability, and predictions are richer than a finite environment message.",false,2026-09-15
