group,id,full_citation,year,venue,official_record,full_text,version_inspected,reading_scope,motivating_problem,general_principle,main_result_boundary,proof_or_performance_architecture,practical_connection,evaluation_breadth,artifact_strength,narrative_sequence,section_pattern,bibliography_size_band,figure_table_roles,relation_to_current,distinction_or_overlap,status,checked_on
same_venue,S01,"Sungjin Im, Benjamin Moseley, and Kirk Pruhs, “Online Scheduling with General Cost Functions,” SIAM Journal on Computing 43(1):126–143, 2014. doi:10.1137/120902288.",2014,SIAM Journal on Computing,https://doi.org/10.1137/120902288,https://www.andrew.cmu.edu/user/moseleyb/papers/GenCostHDF.pdf,author manuscript corresponding to the journal article,"Full text traversed for problem framing, formal model, theorem statements, proof spine, conclusion/limitations, and references; this is structural calibration, not an independent line-by-line proof verification.",Unify online completion-time objectives with arbitrary nondecreasing job costs.,State one general objective and derive guarantees from a reusable potential/dual viewpoint rather than treating each norm separately.,"Online, clairvoyant cost revelation; competitive guarantees use resource augmentation and do not address stationary queue tails.","Model normalization, algorithm, potential-function inequalities, then specialization to objectives.",General QoS costs for online jobs.,Several objective families and machine settings; theorem-driven rather than empirical.,No executable artifact expected; proof is self-contained.,Broad objective → obstacle in existing analyses → general rule → theorem → corollaries.,Introduction/related work; model; algorithm; analysis; applications.,medium (21–50),Few figures; tables are not evidence-bearing.,Calibrates how a SICOMP paper states a general scheduling principle and separates corollaries.,Uses per-job revealed cost/size information and speed augmentation; no global environment advice or M/G/1 asymptotics.,full_text_structural_read,2026-09-15
same_venue,S02,"Nikhil Bansal and Kirk Pruhs, “The Geometry of Scheduling,” SIAM Journal on Computing 43(5):1684–1698, 2014. doi:10.1137/130911317.",2014,SIAM Journal on Computing,https://doi.org/10.1137/130911317,https://arxiv.org/abs/1008.4889,arXiv author version corresponding to the journal article,"Full text traversed for problem framing, formal model, theorem statements, proof spine, conclusion/limitations, and references; this is structural calibration, not an independent line-by-line proof verification.",Approximate a general offline preemptive scheduling objective with arbitrary monotone completion costs.,"Translate scheduling constraints into geometric covering, then use strengthened LPs and geometric rounding.","Offline approximation; no causal policy, no stochastic tail, and no finite-input competitive certificate.",Reduction to capacitated geometric cover; heavy/light decomposition; quasi-uniform sampling/local-ratio rounding.,Shows a scheduling-to-geometry transfer principle.,General objective plus identical-release special case.,No code artifact; all decisive evidence is theorem/proof.,General problem → geometric reformulation → rounding lemmas → approximation theorem.,Introduction; reductions; geometric subproblems; rounding; assembly.,large (>50),Geometric schematics carry intuition; formal reductions carry the claim.,Calibrates a strong “missing principle” narrative and theorem ladder.,"Our covering theorem is one-dimensional multiplicative load covering, not this offline geometric set cover.",full_text_structural_read,2026-09-15
same_venue,S03,"Nikhil Bansal, Lars Rohwedder, and Ola Svensson, “Flow Time Scheduling and Prefix Beck–Fiala,” SIAM Journal on Computing, special section, 2024. doi:10.1137/22M1541010.",2024,SIAM Journal on Computing,https://doi.org/10.1137/22M1541010,https://arxiv.org/abs/2202.02217,arXiv author version and journal record,"Full text traversed for problem framing, formal model, theorem statements, proof spine, conclusion/limitations, and references; this is structural calibration, not an independent line-by-line proof verification.",Improve max- and total-flow guarantees on unrelated machines by exposing a discrepancy bottleneck.,Reduce scheduling to prefix discrepancy so progress transfers between fields.,Offline unrelated-machine approximation/integrality-gap bounds; not an online competitive policy or stochastic queue result.,Scheduling LP → prefix-vector instance → discrepancy bound; converse-style barriers for sparse variants.,Connects flow objectives to discrepancy theory.,"Max flow and total flow on unrelated machines, plus structural discrepancy cases.",No software artifact; theorem reductions are the evidence.,Classical flow gap → reduction principle → imported bound → residual open case.,Introduction; scheduling reduction; discrepancy results; limitations/open questions.,medium (21–50),Conceptual tables/notation dominate; no quantitative experimental plot.,Closest same-venue calibration for maximum flow as a formal objective.,Studies offline approximation across machines; our exact single-machine finite-input identity and queue tail are different quantifiers.,full_text_structural_read,2026-09-15
same_venue,S04,"Sungjin Im, Nathaniel Kell, Janardhan Kulkarni, and Debmalya Panigrahi, “Tight Bounds for Online Vector Scheduling,” SIAM Journal on Computing 48(1):93–121, 2019. doi:10.1137/17M111835X.",2019,SIAM Journal on Computing,https://doi.org/10.1137/17M111835X,https://arxiv.org/abs/1411.3887,arXiv author version corresponding to the journal article,"Full text traversed for problem framing, formal model, theorem statements, proof spine, conclusion/limitations, and references; this is structural calibration, not an independent line-by-line proof verification.",Schedule multidimensional load online while controlling every coordinate.,Use potential functions and adversarial constructions to match upper and lower bounds.,Vector makespan/load balancing; no response-time objective or stochastic service distribution.,Online algorithm and potential analysis paired with lower-bound instances and norm reductions.,Models heterogeneous resource loads.,"Multiple norms, dimensions, and machine models.",No executable artifact; exact constructions support lower bounds.,Problem taxonomy → upper bounds → lower bounds → tightness map.,Introduction; preliminaries; algorithms; lower bounds; extensions.,large (>50),Summary tables organize the guarantee landscape; diagrams are secondary.,Calibrates paired upper/lower theorem presentation and honest parameter boundaries.,Information and objective differ; useful only as a narrative/proof-architecture analogue.,full_text_structural_read,2026-09-15
same_venue,S05,"Sungjin Im and Benjamin Moseley, “Fair Scheduling via Iterative Quasi-Uniform Sampling,” SIAM Journal on Computing 49(3):658–680, 2020. doi:10.1137/18M1202451.",2020,SIAM Journal on Computing,https://doi.org/10.1137/18M1202451,https://www.andrew.cmu.edu/user/moseleyb/papers/fair-scheduling.pdf,author manuscript corresponding to the journal article,"Full text traversed for problem framing, formal model, theorem statements, proof spine, conclusion/limitations, and references; this is structural calibration, not an independent line-by-line proof verification.",Obtain fair schedules under multiple flow-time style constraints.,Iteratively round a fractional schedule while preserving local fairness/coverage properties.,Offline/approximation framework; no stable stochastic queue and no environmental-message budget.,"LP relaxation, quasi-uniform sampling, alteration, and iterative residual instances.",Fair sharing of machine time among job groups.,Several fairness formulations and approximation consequences.,No code artifact; mathematical rounding is decisive.,Fairness gap → fractional formulation → iterative rounding → guarantees.,Introduction/model; LP; sampling lemma; algorithm; applications.,medium (21–50),Tables summarize variants; geometric intuition is subordinate to lemmas.,Calibrates how to explain a nonstandard guarantee without overselling practicality.,Our fairness notion is absent; the overlap is only scheduling and a finite family of policies.,full_text_structural_read,2026-09-15
same_venue,S06,"Baruch Awerbuch, Yossi Azar, Stefano Leonardi, and Oded Regev, “Minimizing the Flow Time without Migration,” SIAM Journal on Computing 31(5):1370–1382, 2002. doi:10.1137/S009753970037446X.",2002,SIAM Journal on Computing,https://doi.org/10.1137/S009753970037446X,https://www.cs.tau.ac.il/~azar/Papers/flow.pdf,author copy corresponding to the journal article,"Full text traversed for problem framing, formal model, theorem statements, proof spine, conclusion/limitations, and references; this is structural calibration, not an independent line-by-line proof verification.",Control online flow time on parallel machines when assigned jobs cannot migrate.,Combine dispatch rules with per-machine scheduling and adversarial charging.,"Multiprocessor total-flow competitiveness, generally with speed/assumption tradeoffs; not maximum response on one server.","Assignment invariant, local queue analysis, charging argument, and lower-bound comparison.",Nonmigratory server assignment.,Online parallel-machine variants and lower bounds.,No executable artifact; adversarial inputs are explicit.,Operational restriction → algorithm → charging proof → impossibility/tightness.,Introduction; algorithm; upper bound; lower bound; variants.,compact (<=20),Minimal figures; proof cases are the evidence.,Calibrates concise SICOMP competitive-analysis writing.,Our policy is single-server and exact for maximum response; this paper optimizes aggregate flow without migration.,full_text_structural_read,2026-09-15
same_venue,S07,"S. Muthukrishnan, Rajmohan Rajaraman, Anthony Shaheen, and Johannes Gehrke, “Online Scheduling to Minimize Average Stretch,” SIAM Journal on Computing 34(2):433–452, 2005. doi:10.1137/S0097539701387544.",2005,SIAM Journal on Computing,https://doi.org/10.1137/S0097539701387544,https://www.khoury.northeastern.edu/home/rraj/Pubs/stretch.pdf,author copy corresponding to the journal article,"Full text traversed for problem framing, formal model, theorem statements, proof spine, conclusion/limitations, and references; this is structural calibration, not an independent line-by-line proof verification.",Minimize average response normalized by job size in online single- and multiprocessor settings.,"Use size classes, batching, and resource augmentation to overcome clairvoyant/nonclairvoyant barriers.",Average stretch and aggregate objectives; no stationary tail order or maximum-flow exact factor.,"Algorithm by size scales, amortized charging, lower bounds, and multiprocessor extensions.",Motivated by slowdown/fairness in systems.,Single/multiple processors and information variants.,No software artifact; adversarial examples provide checks.,Systems metric → theoretical obstacle → algorithm → competitive proof → extensions.,Introduction; model; algorithms; analysis; lower bounds.,medium (21–50),Examples clarify stretch; theorem tables summarize regimes.,Calibrates precise separation of normalized response metrics from raw flow time.,"Our benchmark is maximum response and our stochastic objective is a probability tail, not mean stretch.",full_text_structural_read,2026-09-15
same_venue,S08,"Ho-Leung Chan, Tak-Wah Lam, and Kin-Shing Liu, “Extra Unit-Speed Machines Are Almost as Powerful as Speedy Machines for Flow Time Scheduling,” SIAM Journal on Computing 37(5):1595–1612, 2008. doi:10.1137/060653445.",2008,SIAM Journal on Computing,https://doi.org/10.1137/060653445,https://www.cs.hku.hk/research/techreps/document/TR-2006-08.pdf,author technical-report version corresponding to the journal article,"Full text traversed for problem framing, formal model, theorem statements, proof spine, conclusion/limitations, and references; this is structural calibration, not an independent line-by-line proof verification.",Compare two resource-augmentation models for online flow scheduling.,Simulate speed augmentation with extra machines through structured dispatch and coupling.,Parallel-machine total flow under augmentation; not a same-speed exact maximum-response ratio.,"Transformation between machine models, queue decomposition, and competitive transfer.",Explains meaning of resource augmentation.,Several machine counts and speed regimes.,No code artifact; constructive transformation is self-contained.,Augmentation question → simulation theorem → transferred algorithms → limits.,Introduction; model comparison; transformation; applications; lower bounds.,medium (21–50),Schematic mappings explain machine simulation; tables organize parameters.,Calibrates how our speed-augmentation remark must remain separate from the main same-speed theorem.,Our main result uses no extra speed; speed augmentation appears only as an explicitly labeled boundary consequence.,full_text_structural_read,2026-09-15
same_venue,S09,"Susanne Albers, “Better Bounds for Online Scheduling,” SIAM Journal on Computing 29(2):459–473, 1999. doi:10.1137/S0097539797324874.",1999,SIAM Journal on Computing,https://doi.org/10.1137/S0097539797324874,https://www.informatik.tu-muenchen.de/~albers/papers/sicomp99.pdf,author copy corresponding to the journal article,"Full text traversed for problem framing, formal model, theorem statements, proof spine, conclusion/limitations, and references; this is structural calibration, not an independent line-by-line proof verification.",Improve competitive bounds for classical online machine scheduling.,Refine adversarial potentials and matching bad sequences around a crisp benchmark.,Makespan/load objectives on machines; no queueing equilibrium or response tail.,Algorithmic case analysis plus explicit adversarial lower-bound families.,Foundational online scheduling benchmark.,Deterministic and randomized/variant regimes covered in a compact paper.,No artifact; exact adversarial instances are reproducible from text.,Known gap → improved upper bound → lower bound → remaining gap.,Introduction; algorithms; analysis; adversary; conclusion.,compact (<=20),Sparse figures; tables summarize ratios.,Calibrates proportional claims when a bound is improved but not universally optimal.,Only proof-writing structure overlaps; objective and information model differ.,full_text_structural_read,2026-09-15
same_venue,S10,"David B. Shmoys, Joel Wein, and David P. Williamson, “Scheduling Parallel Machines On-Line,” SIAM Journal on Computing 24(6):1313–1331, 1995. doi:10.1137/S0097539793248317.",1995,SIAM Journal on Computing,https://doi.org/10.1137/S0097539793248317,https://www.cs.cornell.edu/~shmoys/papers/online.pdf,author copy corresponding to the journal article,"Full text traversed for problem framing, formal model, theorem statements, proof spine, conclusion/limitations, and references; this is structural calibration, not an independent line-by-line proof verification.",Assign arriving jobs to parallel machines with limited information.,Design primal/rounding-inspired online rules and compare against offline load.,Parallel-machine makespan; no preemptive response-time process or service-law advice.,"Lower-bound relaxation, online assignment rule, dual/charging proof, and tight examples.",Classic machine-load allocation.,Related/unrelated variants and competitive bounds.,No code artifact; text gives constructions.,Model hierarchy → algorithmic relaxation → competitive analysis → lower bounds.,Introduction; formulations; algorithms; bounds; variants.,medium (21–50),Assignment diagrams/tables aid model taxonomy.,Calibrates the relationship between offline relaxations and online guarantees.,Our comparator is an exact single-server workload identity rather than a machine-assignment relaxation.,full_text_structural_read,2026-09-15
same_venue,S11,"Marek Chrobak, Wojciech Jawor, Jiří Sgall, and Tomáš Tichý, “Online Scheduling of Equal-Length Jobs: Randomization and Restarts Help,” SIAM Journal on Computing 36(6):1709–1728, 2007. doi:10.1137/S0097539704446608.",2007,SIAM Journal on Computing,https://doi.org/10.1137/S0097539704446608,https://www.cs.ucr.edu/~marek/pubs/sicomp-equal.pdf,author copy corresponding to the journal article,"Full text traversed for problem framing, formal model, theorem statements, proof spine, conclusion/limitations, and references; this is structural calibration, not an independent line-by-line proof verification.",Understand online throughput/value scheduling when jobs have equal length.,Use randomized phases and restart rules to beat deterministic barriers.,Deadline/value objective with randomization; no heavy-tailed sizes or worst-case maximum response.,"Phase decomposition, competitive expectation analysis, and adversarial lower bounds.",Restartable service systems.,Deterministic/randomized algorithms and restart variants.,No code artifact; exact probability calculations are textual.,Simple restriction → surprising benefit → algorithm → matching barriers.,Introduction; deterministic case; randomized case; restarts; lower bounds.,medium (21–50),Timeline figures explain phases; tables summarize ratios.,Calibrates how to isolate randomization as a separate theorem regime.,Our retained policy class is deterministic; randomized expected factors are an explicit nonclaim.,full_text_structural_read,2026-09-15
same_venue,S12,"Shi Li, “Scheduling to Minimize Total Weighted Completion Time via Time-Indexed Linear Programming Relaxations,” SIAM Journal on Computing 49(4):FOCS17-409–FOCS17-440, 2020. doi:10.1137/17M1156332.",2020,SIAM Journal on Computing,https://doi.org/10.1137/17M1156332,https://arxiv.org/abs/1707.08039,arXiv author version corresponding to the journal article,"Full text traversed for problem framing, formal model, theorem statements, proof spine, conclusion/limitations, and references; this is structural calibration, not an independent line-by-line proof verification.",Improve approximation ratios for weighted completion time under several machine/precedence models.,Exploit natural time-indexed LP relaxations and correlated rounding instead of heavier lift-and-project machinery.,Offline weighted completion; no causal queue policy and no stationary tail.,"LP formulation, interval/time discretization, rounding correlation, and case-specific assembly.",Canonical scheduling optimization objective.,"Identical, related, unrelated machines and precedence variants.",No executable artifact; relaxation and proofs are self-contained.,Longstanding gap → simple relaxation → rounding lemma → multiple improved results.,Introduction; LPs; rounding machinery; model-specific applications.,large (>50),Tables catalogue improved ratios; equations rather than figures drive evidence.,Calibrates a multi-result paper that still centers one reusable mechanism.,Our paper intentionally retains one strict boundary rather than accumulating unrelated scheduling corollaries.,full_text_structural_read,2026-09-15
influential,I01,"Adam Wierman and Bert Zwart, “Is Tail-Optimal Scheduling Possible?” Operations Research 60(5):1249–1257, 2012. doi:10.1287/opre.1120.1086.",2012,Operations Research,https://doi.org/10.1287/opre.1120.1086,https://users.cms.caltech.edu/~adamw/papers/impossibility.pdf,author manuscript corresponding to the published article,"Full text traversed for problem framing, formal model, theorem statements, proof spine, conclusion/limitations, and references; this is structural calibration, not an independent line-by-line proof verification.",Ask whether one scheduling policy can be tail-optimal over broad service-law classes.,Use distributional indistinguishability/robustness tension to prove an impossibility for weak tail competitiveness.,Policy and law class differ from ours; result is not a finite-input maximum-response theorem and does not analyze an environment message selecting among finitely many policies.,"Define weak tail comparison, establish contrasting law families, and derive impossibility through required priority behavior.",Tail latency under uncertain service distributions.,"Several heavy/light-tail classes at theorem level, not empirical workloads.",No code artifact; proof and examples are the evidence.,Tail objective → candidate universality → impossibility → design implications.,Introduction; model/definitions; impossibility theorem; proof; discussion.,medium (21–50),Conceptual plots/examples motivate tails; theorem is decisive.,Primary research origin and closest impossibility boundary.,Our model changes the information structure and adds a separate finite-input certificate; finite advice does not “evade” this theorem without those explicit changes.,full_text_structural_read,2026-09-15
influential,I02,"Jayakrishnan Nair, Adam Wierman, and Bert Zwart, “Tail-Robust Scheduling via Limited Processor Sharing,” Performance Evaluation 67(11):978–995, 2010. doi:10.1016/j.peva.2010.08.012.",2010,Performance Evaluation,https://doi.org/10.1016/j.peva.2010.08.012,https://www.ee.iitb.ac.in/~jayakrishnan.nair/papers/tail_scheduling_Allerton10.pdf,published journal record plus author conference version of the core construction,"Full text traversed for problem framing, formal model, theorem statements, proof spine, conclusion/limitations, and references; this is structural calibration, not an independent line-by-line proof verification.",Trade tail robustness against optimality using load-configured limited processor sharing.,Cap the number of simultaneous jobs to interpolate among FCFS/PS-like tail behaviors.,Stochastic tail robustness for a configured queue; no unconditional finite-input maximum-response competitive factor and no finite-message covering lower bound.,"Tail asymptotics by job-count/service regimes, comparison among LPS parameters, and robustness analysis.",Direct scheduling policy design for tail latency.,Multiple tail classes and load settings analytically.,No code artifact; numerical illustrations are secondary to asymptotics.,Robustness dilemma → LPS family → tail classification → tuning implications.,Introduction; model; LPS analysis; robustness; numerics/discussion.,medium (21–50),Plots illustrate parameter tradeoffs; asymptotic propositions carry claims.,Closest positive policy-family analogue.,Our oldest-job reservation plus residual PS is chosen to preserve an exact adversarial certificate; LPS tuning alone does not provide that certificate.,full_text_structural_read,2026-09-15
influential,I03,"Luca Becchetti and Stefano Leonardi, “Nonclairvoyant Scheduling to Minimize the Total Flow Time on Single and Parallel Machines,” Journal of the ACM 51(4):517–539, 2004. doi:10.1145/1008731.1008732.",2004,Journal of the ACM,https://doi.org/10.1145/1008731.1008732,https://www.diag.uniroma1.it/~leonardi/Pub/JACM04.pdf,author copy corresponding to the journal article,"Full text traversed for problem framing, formal model, theorem statements, proof spine, conclusion/limitations, and references; this is structural calibration, not an independent line-by-line proof verification.",Minimize total flow without knowing processing times.,Use multilevel feedback/round-robin style allocation and speed augmentation to offset missing size information.,Aggregate flow and resource augmentation; not maximum response or a stochastic heavy-tail order guarantee.,"Algorithm hierarchy, amortized charging, speed scaling, and lower bounds.",Nonclairvoyant processor scheduling.,Single and parallel machine regimes.,No executable artifact; explicit schedules and inequalities support the result.,Information deficit → algorithm → augmented competitiveness → impossibility without augmentation.,Introduction; model; single machine; parallel machines; lower bounds.,large (>50),Timelines/examples explain algorithms; theorem tables summarize regimes.,Foundational comparator for nonclairvoyance and PS-like sharing.,"Our exact same-speed maximum-response certificate comes from oldest-prefix reservation, not aggregate-flow competitiveness.",full_text_structural_read,2026-09-15
influential,I04,"Bala Kalyanasundaram and Kirk Pruhs, “Speed Is as Powerful as Clairvoyance,” Journal of the ACM 47(4):617–643, 2000. doi:10.1145/347476.347479.",2000,Journal of the ACM,https://doi.org/10.1145/347476.347479,https://www.cs.pitt.edu/~kirk/papers/speedclair.pdf,author copy corresponding to the journal article,"Full text traversed for problem framing, formal model, theorem statements, proof spine, conclusion/limitations, and references; this is structural calibration, not an independent line-by-line proof verification.",Quantify how extra processing speed can compensate for unknown job sizes.,Relate nonclairvoyant multilevel feedback policies to clairvoyant optimal schedules under augmentation.,Resource-augmented aggregate objectives; no load-indexed finite advice and no stationary queue distribution.,"Potential/charging across attained-service levels, with adversarial lower bounds.",Explains a central systems tradeoff between prediction and capacity.,Several norms/flow objectives and speed regimes.,No artifact; proof is self-contained.,Clairvoyance gap → speed-compensation theorem → tightness/limits.,Introduction; algorithm; competitive analysis; lower bounds; implications.,large (>50),Level diagrams clarify feedback scheduling; equations carry guarantees.,Foundational information-versus-guarantee context.,We do not trade information for speed in the main theorem; our environment message selects a policy but gives no job size.,full_text_structural_read,2026-09-15
influential,I05,"Bert Zwart and Onno J. Boxma, “Sojourn Time Asymptotics in the M/G/1 Processor Sharing Queue,” Queueing Systems 35:141–166, 2000. doi:10.1023/A:1019142010994.",2000,Queueing Systems,https://doi.org/10.1023/A:1019142010994,https://ir.cwi.nl/pub/4769/04769D.pdf,author/institutional manuscript corresponding to the journal article,"Full text traversed for problem framing, formal model, theorem statements, proof spine, conclusion/limitations, and references; this is structural calibration, not an independent line-by-line proof verification.",Determine exact heavy-tail sojourn asymptotics under processor sharing.,Represent conditional sojourn time and transfer regular variation through queueing transforms.,Pure PS in a stationary M/G/1; no adversarial finite-input benchmark or advice.,"Conditional response analysis, transform/probabilistic bounds, regular-variation asymptotics.",Canonical PS response-tail result.,Heavy-tailed service laws under explicit moment assumptions.,No code artifact; asymptotic derivation is decisive.,Known PS behavior → conditional theorem → unconditional tail asymptotics.,Introduction; preliminaries; conditional bounds; asymptotics; examples.,medium (21–50),Analytic plots/examples are illustrative; formulas drive evidence.,Supplies historical context for the residual-PS domination interface.,Our proof uses a permanent-customer comparison and only claims tail order; it must not silently inherit stronger constants or assumptions.,full_text_structural_read,2026-09-15
adjacent,A01,"Ziv Scully, Lucas van Kreveld, Onno J. Boxma, Jan-Pieter Dorsman, and Adam Wierman, “Characterizing Policies with Optimal Response Time Tails under Heavy-Tailed Job Sizes,” Proceedings of the ACM on Measurement and Analysis of Computing Systems 4(2), Article 30, 2020. doi:10.1145/3392148.",2020,Proceedings of the ACM on Measurement and Analysis of Computing Systems,https://doi.org/10.1145/3392148,https://ziv.codes/scully_characterizing_2020/scully_characterizing_2020.pdf,author version corresponding to the 33-page published article,"Full text traversed for problem framing, formal model, theorem statements, proof spine, conclusion/limitations, and references; this is structural calibration, not an independent line-by-line proof verification.",Characterize which rank-based policies achieve optimal heavy-tail response exponents.,Reduce tail optimality to structural properties of a policy’s rank function and worst future rank.,Known service distribution/rank-policy framework; no finite-input competitive maximum-response factor or finite message budget.,"SOAP rank formalism, worst-future-rank characterization, upper/lower tail bounds, examples.",Direct tail-latency policy design.,Broad age-based/rank-based policy class and several examples.,No code artifact required; symbolic characterization is the artifact-like contribution.,Policy zoo → unifying rank statistic → characterization theorem → examples.,Introduction; SOAP preliminaries; characterization; proofs; policy consequences.,large (>50),Rank-function diagrams and policy tables materially explain the theorem.,Closest modern heavy-tail policy characterization.,Our policy lies outside a mere distribution-optimality comparison because it must also satisfy every finite adversarial instance.,full_text_structural_read,2026-09-15
adjacent,A02,"George Yu and Ziv Scully, “Strongly Tail-Optimal Scheduling in the Light-Tailed M/G/1,” Proceedings of the ACM on Measurement and Analysis of Computing Systems 8(2), Article 27, 2024. doi:10.1145/3656011.",2024,Proceedings of the ACM on Measurement and Analysis of Computing Systems,https://doi.org/10.1145/3656011,https://ziv.codes/yu_strongly_2024/yu_strongly_2024.pdf,author PDF corresponding to the published article,"Full text traversed for problem framing, formal model, theorem statements, proof spine, conclusion/limitations, and references; this is structural calibration, not an independent line-by-line proof verification.",Strengthen tail optimality for light-tailed queues from exponent-level to sharper comparisons.,Identify policies and analytic conditions that control logarithmic asymptotics uniformly.,Light-tailed service laws and stochastic optimality; no deterministic competitive certificate or advice partition.,"Large-deviation bounds, policy comparison, matching lower bounds, and examples.",Latency-tail scheduling.,Several light-tailed classes and policy families.,No executable artifact; full proofs and examples.,Weak notion gap → stronger definition → policy theorem → boundaries.,Introduction; tail notions; queue analysis; optimality theorems; examples.,large (>50),Plots contrast tail notions; tables classify policies.,Calibrates careful naming of tail-order notions and limits.,Our manuscript avoids “optimal” and claims only service-tail order in a regularly varying setting.,full_text_structural_read,2026-09-15
adjacent,A03,"Ziv Scully, Mor Harchol-Balter, and Alan Scheller-Wolf, “SOAP: One Clean Analysis of All Age-Based Scheduling Policies,” Proceedings of the ACM on Measurement and Analysis of Computing Systems 2(1), Article 16, 2018. doi:10.1145/3179419.",2018,Proceedings of the ACM on Measurement and Analysis of Computing Systems,https://doi.org/10.1145/3179419,https://www.cs.cmu.edu/~harchol/Papers/Sigmetrics18b.pdf,author manuscript corresponding to the published article,"Full text traversed for problem framing, formal model, theorem statements, proof spine, conclusion/limitations, and references; this is structural calibration, not an independent line-by-line proof verification.",Give one response-time analysis for the broad class of age-based rank policies.,Encode scheduling by a rank function and analyze tagged-job interference through worst future rank.,Mean/transform response analysis with distribution knowledge; no finite-input worst-case competitive ratio.,"Rank formalism, tagged-job decomposition, transform equations, and specialization to many policies.",Unifies practical age-based disciplines.,Many named policies plus new variants.,No software artifact; algebraic framework is reusable.,Policy proliferation → common language → master theorem → instantiated examples.,Introduction; framework; tagged-job analysis; policy case studies; discussion.,large (>50),Rank plots are essential; tables compare policies.,Calibrates notation-driven unification and running examples.,Our oldest-job guard is explained directly because importing SOAP would obscure the adversarial prefix invariant.,full_text_structural_read,2026-09-15
adjacent,A04,"Ziv Scully and Mor Harchol-Balter, “SOAP Bubbles: Robust Scheduling under Adversarial Noise,” 56th Annual Allerton Conference on Communication, Control, and Computing, pp. 144–154, 2018. doi:10.1109/ALLERTON.2018.8635963.",2018,"Allerton Conference on Communication, Control, and Computing",https://doi.org/10.1109/ALLERTON.2018.8635963,https://pdl.cmu.edu/PDL-FTP/associated/Allerton18.pdf,author manuscript corresponding to the proceedings article,"Full text traversed for problem framing, formal model, theorem statements, proof spine, conclusion/limitations, and references; this is structural calibration, not an independent line-by-line proof verification.",Make prediction-based rank scheduling robust to adversarial size-estimation noise.,Transform ranks into noise-insensitive “bubbles” while retaining performance near accurate predictions.,Per-job predictions/noise model and stochastic mean response; no one-message environment classification or maximum-flow certificate.,"Robust rank transformation, worst-case noise bounds, and queueing analysis.",Prediction-robust scheduling.,Several policies/noise scenarios analytically and numerically.,No standalone code artifact identified; plots support but do not replace proofs.,Prediction benefit → adversarial failure → robust transformation → tradeoff.,Introduction; noise model; transformation; analysis; experiments.,medium (21–50),Policy/rank plots and numerical curves show the robustness tradeoff.,Closest adjacent example of information plus a baseline guarantee.,Its advice is per job and noisy; ours is one exact environment message and no predicted sizes.,full_text_structural_read,2026-09-15
adjacent,A05,"Pengfei Li, Nicolas Christianson, Jianyi Yang, Adam Wierman, and Shaolei Ren, “Learning for Sustainable Online Scheduling with Competitive Fairness Guarantees,” Proceedings of ACM e-Energy, pp. 63–79, 2025. doi:10.1145/3679240.3734615.",2025,ACM International Conference on Future and Sustainable Energy Systems,https://doi.org/10.1145/3679240.3734615,https://authors.library.caltech.edu/records/k5q2g-a1s84/files/3679240.3734615.pdf,institutional-author copy corresponding to the proceedings article,"Full text traversed for problem framing, formal model, theorem statements, proof spine, conclusion/limitations, and references; this is structural calibration, not an independent line-by-line proof verification.",Use learned predictions for sustainable scheduling while preserving competitive fairness.,Combine a learned policy with an online baseline through a provable consistency/robustness mechanism.,"Recent learning-augmented multiobjective setting; fairness and sustainability are not response-tail probability, and predictions are richer than a finite environment message.","Online baseline, learning wrapper, competitive-fairness proof, and empirical evaluation.",Sustainable data-center scheduling context.,Theory plus workload-based experiments over several prediction qualities.,"Paper reports an implementation/evaluation, but no external execution is imported into this artifact.",Application tension → formal fairness baseline → learning wrapper → theorem → experiments.,Introduction; system/model; algorithm; guarantees; evaluation; limitations.,large (>50),Architecture diagrams and workload plots support application claims; theorem tables state guarantees.,Current-direction context for learning plus guaranteed baseline performance.,"Related motivation only: its objective, data, and information timing differ from our stochastic-tail/adversarial maximum-flow conjunction.",full_text_structural_read,2026-09-15
