bits,index,message,lower,upper,certificate,guard
0,0,,2,512,576,1/576
1,0,0,2,32,36,1/36
1,1,1,32,512,576,1/576
2,0,00,2,8,9,1/9
2,1,01,8,32,36,1/36
2,2,10,32,128,144,1/144
2,3,11,128,512,576,1/576
3,0,000,2,4,9/2,2/9
3,1,001,4,8,9,1/9
3,2,010,8,16,18,1/18
3,3,011,16,32,36,1/36
3,4,100,32,64,72,1/72
3,5,101,64,128,144,1/144
3,6,110,128,256,288,1/288
3,7,111,256,512,576,1/576
4,0,0000,2,2897/1024,26073/8192,8192/26073
4,1,0001,2897/1024,4,9/2,2/9
4,2,0010,4,5793/1024,52137/8192,8192/52137
4,3,0011,5793/1024,8,9,1/9
4,4,0100,8,5793/512,52137/4096,4096/52137
4,5,0101,5793/512,16,18,1/18
4,6,0110,16,23171/1024,208539/8192,8192/208539
4,7,0111,23171/1024,32,36,1/36
4,8,1000,32,46341/1024,417069/8192,8192/417069
4,9,1001,46341/1024,64,72,1/72
4,10,1010,64,46341/512,417069/4096,4096/417069
4,11,1011,46341/512,128,144,1/144
4,12,1100,128,46341/256,417069/2048,2048/417069
4,13,1101,46341/256,256,288,1/288
4,14,1110,256,46341/128,417069/1024,1024/417069
4,15,1111,46341/128,512,576,1/576
