rho,theta,C,rho_K,K,kappa,Delta,epsilon,eta
1/15,15/14,29/28,22/435,2,493/472,1/120,1/3840,1/1984
1/14,14/13,27/26,41/756,3,2997/2860,1/112,1/5376,1/2784
1/13,13/12,25/24,19/325,4,2575/2448,1/104,1/6656,1/3456
1/12,12/11,23/22,35/552,5,2185/2068,1/96,1/7680,1/4000
1/11,11/10,21/20,16/231,6,1827/1720,1/88,1/8448,1/4416
1/10,10/9,19/18,29/380,7,1501/1404,1/80,1/8960,1/4704
1/9,9/8,17/16,13/153,8,1207/1120,1/72,1/9216,1/4864
1/8,8/7,15/14,23/240,9,135/124,1/64,1/9216,1/4896
2/15,15/13,14/13,43/420,10,413/377,1/60,1/9600,1/5120
1/7,7/6,13/12,10/91,11,715/648,1/56,1/9856,1/5280
2/13,13/11,12/11,37/312,12,306/275,1/52,1/9984,1/5376
1/6,6/5,11/10,17/132,2,517/460,1/48,1/1536,1/832
